-- phpMyAdmin SQL Dump
-- version 5.1.1
-- https://www.phpmyadmin.net/
--
-- Host: 127.0.0.1
-- Generation Time: Nov 17, 2021 at 09:17 AM
-- Server version: 10.4.21-MariaDB
-- PHP Version: 8.0.12

SET SQL_MODE = "NO_AUTO_VALUE_ON_ZERO";
START TRANSACTION;
SET time_zone = "+00:00";


/*!40101 SET @OLD_CHARACTER_SET_CLIENT=@@CHARACTER_SET_CLIENT */;
/*!40101 SET @OLD_CHARACTER_SET_RESULTS=@@CHARACTER_SET_RESULTS */;
/*!40101 SET @OLD_COLLATION_CONNECTION=@@COLLATION_CONNECTION */;
/*!40101 SET NAMES utf8mb4 */;

--
-- Database: `acme`
--

-- --------------------------------------------------------

--
-- Table structure for table `companies`
--

CREATE TABLE `companies` (
  `id` bigint(20) UNSIGNED NOT NULL,
  `name` varchar(255) COLLATE utf8mb4_unicode_ci NOT NULL,
  `email` varchar(255) COLLATE utf8mb4_unicode_ci NOT NULL,
  `logo` varchar(255) COLLATE utf8mb4_unicode_ci DEFAULT NULL,
  `website` varchar(255) COLLATE utf8mb4_unicode_ci NOT NULL,
  `created_at` timestamp NULL DEFAULT NULL,
  `updated_at` timestamp NULL DEFAULT NULL
) ENGINE=InnoDB DEFAULT CHARSET=utf8mb4 COLLATE=utf8mb4_unicode_ci;

--
-- Dumping data for table `companies`
--

INSERT INTO `companies` (`id`, `name`, `email`, `logo`, `website`, `created_at`, `updated_at`) VALUES
(1, 'eos', 'melissa72@anderson.com', 'logos/w1A2MJOqoHg5rCSfrNRBiNMafhmJhsonLhoMEi9C.svg', 'white.net', '2021-11-17 07:56:55', '2021-11-17 08:03:34'),
(2, 'voluptates', 'xmorris@hotmail.co.uk', 'logos/edB0xww3mLG5JLhm7VBYqMwrpiNQDjK3xmjv6Xam.svg', 'jones.co.uk', '2021-11-17 07:56:55', '2021-11-17 08:03:42'),
(3, 'voluptatum', 'quentin@watson.com', 'logos/QZuQogp4Lp491pwm9ndedY0eQej6Lp1usYMv0Zy6.svg', 'watson.biz', '2021-11-17 07:56:55', '2021-11-17 07:58:14'),
(4, 'sed', 'stephen74@baker.com', 'logos/Kky2ImTnjHu2vUS9jPYZ5WK4KdQ2An6nJjlqspPS.svg', 'green.com', '2021-11-17 07:56:55', '2021-11-17 08:04:00'),
(5, 'quasi', 'ray.lee@yahoo.co.uk', 'logos/CAU9sWckaHS93Y23j3BdE0wsVFkdk0EDdUQRhLvV.svg', 'ward.org', '2021-11-17 07:56:55', '2021-11-17 08:04:21'),
(6, 'magni', 'cox.becky@butler.net', 'logos/91rkWQ8x99GrbpiTubY4vFS1SkVsCuBwnSAQcZba.svg', 'simpson.com', '2021-11-17 07:56:55', '2021-11-17 08:04:37'),
(7, 'dicta', 'dominic36@yahoo.co.uk', 'logos/5ojMbEOzza0wHkV8IJCqde9HkfnkXilEBDljAzQf.svg', 'patel.com', '2021-11-17 07:56:55', '2021-11-17 08:04:51'),
(8, 'cupiditate', 'zwhite@gmail.com', 'logos/AZmIMwjDxPdWaexoAenGon2ptL90DfK62JE4X9W3.svg', 'marshall.com', '2021-11-17 07:56:55', '2021-11-17 08:05:05'),
(9, 'et', 'wrussell@walker.com', 'logos/1EKTe2opCYbF7WXVj0w5bUFNAq3r0CCKn8GRpCUu.svg', 'hunter.org', '2021-11-17 07:56:55', '2021-11-17 08:05:23'),
(10, 'ut', 'ebrown@gmail.co.uk', 'logos/hvQQO0hI1ti1uBiOHr0zjijouw2uDyizOuNFbsBv.svg', 'thomas.biz', '2021-11-17 07:56:55', '2021-11-17 08:05:40');

-- --------------------------------------------------------

--
-- Table structure for table `employees`
--

CREATE TABLE `employees` (
  `id` bigint(20) UNSIGNED NOT NULL,
  `first_name` varchar(255) COLLATE utf8mb4_unicode_ci NOT NULL,
  `last_name` varchar(255) COLLATE utf8mb4_unicode_ci NOT NULL,
  `company_id` bigint(20) UNSIGNED NOT NULL,
  `company` varchar(255) COLLATE utf8mb4_unicode_ci NOT NULL,
  `email` varchar(255) COLLATE utf8mb4_unicode_ci NOT NULL,
  `phone_number` char(22) COLLATE utf8mb4_unicode_ci NOT NULL,
  `created_at` timestamp NULL DEFAULT NULL,
  `updated_at` timestamp NULL DEFAULT NULL
) ENGINE=InnoDB DEFAULT CHARSET=utf8mb4 COLLATE=utf8mb4_unicode_ci;

--
-- Dumping data for table `employees`
--

INSERT INTO `employees` (`id`, `first_name`, `last_name`, `company_id`, `company`, `email`, `phone_number`, `created_at`, `updated_at`) VALUES
(1, 'Lizzie', 'Wright', 1, 'eos', 'eden.chapman@gmail.com', '+44(0)7714 74415', '2021-11-17 07:56:55', '2021-11-17 07:56:55'),
(2, 'Eden', 'Williams', 1, 'eos', 'rogers.jodie@hotmail.co.uk', '+44(0)6505 50322', '2021-11-17 07:56:55', '2021-11-17 07:56:55'),
(3, 'Max', 'Wood', 1, 'eos', 'leanne.davis@reynolds.com', '+44(0)6154019961', '2021-11-17 07:56:55', '2021-11-17 07:56:55'),
(4, 'Kirsten', 'Cooper', 1, 'eos', 'julia21@martin.net', '(0307) 696 8093', '2021-11-17 07:56:55', '2021-11-17 07:56:55'),
(5, 'Amelia', 'Harris', 1, 'eos', 'eva.saunders@yahoo.com', '+44(0)4781 25398', '2021-11-17 07:56:55', '2021-11-17 07:56:55'),
(6, 'Jessica', 'Bell', 1, 'eos', 'dwhite@cooper.net', '+44(0)272706968', '2021-11-17 07:56:55', '2021-11-17 07:56:55'),
(7, 'Tina', 'Powell', 1, 'eos', 'mscott@yahoo.co.uk', '0977516117', '2021-11-17 07:56:55', '2021-11-17 07:56:55'),
(8, 'Courtney', 'Simpson', 1, 'eos', 'murray.dominic@bennett.co.uk', '04143 782157', '2021-11-17 07:56:55', '2021-11-17 07:56:55'),
(9, 'Harvey', 'Bailey', 1, 'eos', 'tim98@gmail.co.uk', '+44(0)678277517', '2021-11-17 07:56:55', '2021-11-17 07:56:55'),
(10, 'Reece', 'Khan', 1, 'eos', 'rogers.lisa@rose.co.uk', '0824 3771911', '2021-11-17 07:56:55', '2021-11-17 07:56:55'),
(11, 'Noah', 'Richards', 1, 'eos', 'yasmine90@rogers.com', '0325 0700953', '2021-11-17 07:56:55', '2021-11-17 07:56:55'),
(12, 'Ian', 'Simpson', 1, 'eos', 'jamie.kennedy@robinson.com', '+44(0)0747174583', '2021-11-17 07:56:55', '2021-11-17 07:56:55'),
(13, 'Florence', 'Martin', 1, 'eos', 'keeley97@young.biz', '+44(0)3801 52676', '2021-11-17 07:56:55', '2021-11-17 07:56:55'),
(14, 'Katie', 'Lewis', 1, 'eos', 'badams@young.com', '02960 992257', '2021-11-17 07:56:55', '2021-11-17 07:56:55'),
(15, 'Keith', 'Wright', 1, 'eos', 'lily44@yahoo.co.uk', '(0223) 545 1242', '2021-11-17 07:56:55', '2021-11-17 07:56:55'),
(16, 'Finley', 'Richardson', 1, 'eos', 'jackson.carole@hotmail.co.uk', '0856 4946826', '2021-11-17 07:56:55', '2021-11-17 07:56:55'),
(17, 'Peter', 'Baker', 1, 'eos', 'chapman.connor@hotmail.com', '09050 94678', '2021-11-17 07:56:55', '2021-11-17 07:56:55'),
(18, 'Colin', 'Richards', 1, 'eos', 'anderson.ella@gmail.co.uk', '(0970) 954 1135', '2021-11-17 07:56:55', '2021-11-17 07:56:55'),
(19, 'Isla', 'Marshall', 1, 'eos', 'shaw.thomas@bailey.com', '+44(0)8455089821', '2021-11-17 07:56:55', '2021-11-17 07:56:55'),
(20, 'Benjamin', 'Miller', 1, 'eos', 'evie25@gmail.co.uk', '(03494) 478857', '2021-11-17 07:56:55', '2021-11-17 07:56:55'),
(21, 'Poppy', 'Lewis', 1, 'eos', 'clarke.alexandra@hotmail.co.uk', '(0786) 6773014', '2021-11-17 07:56:55', '2021-11-17 07:56:55'),
(22, 'Elizabeth', 'Taylor', 1, 'eos', 'ztaylor@hotmail.co.uk', '+44(0)650770225', '2021-11-17 07:56:55', '2021-11-17 07:56:55'),
(23, 'Francesca', 'Robinson', 1, 'eos', 'gavin.clarke@yahoo.com', '0188 146 1069', '2021-11-17 07:56:55', '2021-11-17 07:56:55'),
(24, 'Joshua', 'Carter', 1, 'eos', 'harvey.thompson@lee.com', '0593 4614534', '2021-11-17 07:56:55', '2021-11-17 07:56:55'),
(25, 'Lucas', 'Wood', 1, 'eos', 'brandon.watson@graham.com', '04604014182', '2021-11-17 07:56:55', '2021-11-17 07:56:55'),
(26, 'Harley', 'Anderson', 1, 'eos', 'alexandra92@ross.com', '02741 879229', '2021-11-17 07:56:55', '2021-11-17 07:56:55'),
(27, 'Luke', 'Fox', 1, 'eos', 'russell.colin@gray.com', '(0544) 1890851', '2021-11-17 07:56:55', '2021-11-17 07:56:55'),
(28, 'Adele', 'Roberts', 1, 'eos', 'tgray@yahoo.com', '09438 71869', '2021-11-17 07:56:55', '2021-11-17 07:56:55'),
(29, 'Lisa', 'Green', 1, 'eos', 'kcarter@gmail.com', '+44(0)9172152887', '2021-11-17 07:56:55', '2021-11-17 07:56:55'),
(30, 'Harrison', 'Johnson', 1, 'eos', 'jason29@reid.com', '+44(0)0757 383736', '2021-11-17 07:56:55', '2021-11-17 07:56:55'),
(31, 'Suzanne', 'Griffiths', 1, 'eos', 'towen@allen.com', '02606744029', '2021-11-17 07:56:55', '2021-11-17 07:56:55'),
(32, 'Steve', 'Parker', 1, 'eos', 'aowen@collins.co.uk', '+44(0)2436522189', '2021-11-17 07:56:55', '2021-11-17 07:56:55'),
(33, 'Helen', 'Martin', 1, 'eos', 'isobel54@russell.biz', '+44(0)823346874', '2021-11-17 07:56:55', '2021-11-17 07:56:55'),
(34, 'Gordon', 'King', 1, 'eos', 'jake04@gmail.co.uk', '0829925416', '2021-11-17 07:56:55', '2021-11-17 07:56:55'),
(35, 'Sabrina', 'Saunders', 1, 'eos', 'poppy.reynolds@murray.com', '08091 70613', '2021-11-17 07:56:55', '2021-11-17 07:56:55'),
(36, 'Vanessa', 'Thompson', 1, 'eos', 'wayne09@wilkinson.com', '08219 272904', '2021-11-17 07:56:55', '2021-11-17 07:56:55'),
(37, 'Julia', 'Harris', 1, 'eos', 'olivia.wright@yahoo.co.uk', '0908 902 0866', '2021-11-17 07:56:55', '2021-11-17 07:56:55'),
(38, 'Nicole', 'Martin', 1, 'eos', 'syoung@hotmail.co.uk', '09828 33459', '2021-11-17 07:56:55', '2021-11-17 07:56:55'),
(39, 'Oliver', 'Lewis', 1, 'eos', 'abennett@gmail.co.uk', '+44(0)8154008633', '2021-11-17 07:56:55', '2021-11-17 07:56:55'),
(40, 'Lindsay', 'Walsh', 1, 'eos', 'imiller@hotmail.com', '02611 244097', '2021-11-17 07:56:55', '2021-11-17 07:56:55'),
(41, 'Karlie', 'Lee', 1, 'eos', 'mwright@gmail.com', '(0020) 8337648', '2021-11-17 07:56:55', '2021-11-17 07:56:55'),
(42, 'Emily', 'Shaw', 1, 'eos', 'butler.tiffany@yahoo.co.uk', '(0211) 138 9159', '2021-11-17 07:56:55', '2021-11-17 07:56:55'),
(43, 'Harvey', 'Scott', 1, 'eos', 'zach06@yahoo.com', '01629 90149', '2021-11-17 07:56:55', '2021-11-17 07:56:55'),
(44, 'Nicole', 'Jones', 1, 'eos', 'carlie.miller@ward.com', '(0492) 210 0410', '2021-11-17 07:56:55', '2021-11-17 07:56:55'),
(45, 'Ellie', 'Bailey', 1, 'eos', 'jennifer.knight@gmail.com', '+44(0)351237621', '2021-11-17 07:56:55', '2021-11-17 07:56:55'),
(46, 'Rowena', 'Matthews', 1, 'eos', 'baker.lilly@yahoo.com', '(09817) 62665', '2021-11-17 07:56:55', '2021-11-17 07:56:55'),
(47, 'Lucas', 'Anderson', 1, 'eos', 'vbrown@gmail.co.uk', '+44(0)3018 00548', '2021-11-17 07:56:55', '2021-11-17 07:56:55'),
(48, 'Rebecca', 'Palmer', 1, 'eos', 'stevens.daniel@gmail.co.uk', '0461644640', '2021-11-17 07:56:55', '2021-11-17 07:56:55'),
(49, 'James', 'Baker', 1, 'eos', 'frussell@gmail.co.uk', '(0509) 3864347', '2021-11-17 07:56:55', '2021-11-17 07:56:55'),
(50, 'Ashley', 'Hall', 1, 'eos', 'heather60@gmail.com', '+44(0)0904113130', '2021-11-17 07:56:55', '2021-11-17 07:56:55'),
(51, 'Shannon', 'Smith', 1, 'eos', 'keith.miller@powell.com', '00778070792', '2021-11-17 07:56:55', '2021-11-17 07:56:55'),
(52, 'Molly', 'Evans', 1, 'eos', 'frank06@palmer.com', '00465831341', '2021-11-17 07:56:55', '2021-11-17 07:56:55'),
(53, 'Elliott', 'Collins', 1, 'eos', 'leah23@clark.org', '(0306) 5350142', '2021-11-17 07:56:55', '2021-11-17 07:56:55'),
(54, 'Melissa', 'Smith', 1, 'eos', 'joel.morgan@hotmail.com', '+44(0)8551584119', '2021-11-17 07:56:55', '2021-11-17 07:56:55'),
(55, 'Natasha', 'Patel', 1, 'eos', 'graham.lee@bell.com', '(00770) 57200', '2021-11-17 07:56:55', '2021-11-17 07:56:55'),
(56, 'Jack', 'Knight', 1, 'eos', 'zach.owen@gmail.com', '(0608) 5930285', '2021-11-17 07:56:55', '2021-11-17 07:56:55'),
(57, 'Victoria', 'Lee', 1, 'eos', 'fowen@hotmail.com', '+44(0)2456 421472', '2021-11-17 07:56:55', '2021-11-17 07:56:55'),
(58, 'Bruce', 'Price', 1, 'eos', 'teagan61@mason.co.uk', '0364 897 1296', '2021-11-17 07:56:55', '2021-11-17 07:56:55'),
(59, 'Julie', 'Phillips', 1, 'eos', 'peter.evans@yahoo.com', '(0327) 1691264', '2021-11-17 07:56:55', '2021-11-17 07:56:55'),
(60, 'Stephen', 'Davies', 1, 'eos', 'tim.khan@ross.com', '04306 92489', '2021-11-17 07:56:55', '2021-11-17 07:56:55'),
(61, 'Alexa', 'Shaw', 1, 'eos', 'zadams@reid.com', '+44(0)958527133', '2021-11-17 07:56:55', '2021-11-17 07:56:55'),
(62, 'Oliver', 'Thompson', 1, 'eos', 'nicole25@james.com', '(0370) 7684311', '2021-11-17 07:56:55', '2021-11-17 07:56:55'),
(63, 'Alice', 'Mason', 1, 'eos', 'lclarke@hotmail.com', '(05402) 89761', '2021-11-17 07:56:55', '2021-11-17 07:56:55'),
(64, 'Freddie', 'Knight', 1, 'eos', 'emma97@hotmail.co.uk', '0891 4443964', '2021-11-17 07:56:55', '2021-11-17 07:56:55'),
(65, 'Sean', 'Murphy', 1, 'eos', 'ruth.allen@hotmail.co.uk', '0577 979 8088', '2021-11-17 07:56:55', '2021-11-17 07:56:55'),
(66, 'Connor', 'Edwards', 1, 'eos', 'stevens.aiden@collins.com', '+44(0)1918 10068', '2021-11-17 07:56:55', '2021-11-17 07:56:55'),
(67, 'Muhammad', 'Jackson', 1, 'eos', 'isabelle.reynolds@bennett.com', '+44(0)660214371', '2021-11-17 07:56:55', '2021-11-17 07:56:55'),
(68, 'Ross', 'Harrison', 1, 'eos', 'smith.mike@hotmail.co.uk', '(09033) 315101', '2021-11-17 07:56:55', '2021-11-17 07:56:55'),
(69, 'Scarlett', 'Reid', 1, 'eos', 'hannah78@butler.com', '+44(0)990533553', '2021-11-17 07:56:55', '2021-11-17 07:56:55'),
(70, 'Emily', 'Clarke', 1, 'eos', 'nick87@gmail.com', '05939 44282', '2021-11-17 07:56:55', '2021-11-17 07:56:55'),
(71, 'Sofia', 'Jackson', 1, 'eos', 'mike.wilkinson@bell.net', '09440 88059', '2021-11-17 07:56:55', '2021-11-17 07:56:55'),
(72, 'Amanda', 'Davies', 1, 'eos', 'mary12@stevens.com', '05699484749', '2021-11-17 07:56:55', '2021-11-17 07:56:55'),
(73, 'Mohammed', 'Matthews', 1, 'eos', 'archie31@hotmail.co.uk', '0524 0600129', '2021-11-17 07:56:55', '2021-11-17 07:56:55'),
(74, 'Kelly', 'Hunt', 1, 'eos', 'evie49@hotmail.com', '+44(0)7453 48272', '2021-11-17 07:56:55', '2021-11-17 07:56:55'),
(75, 'Logan', 'Reynolds', 1, 'eos', 'plewis@gmail.co.uk', '+44(0)6588 72135', '2021-11-17 07:56:55', '2021-11-17 07:56:55'),
(76, 'John', 'Harris', 1, 'eos', 'wwilkinson@hall.com', '(0004) 336 9784', '2021-11-17 07:56:55', '2021-11-17 07:56:55'),
(77, 'Suzanne', 'Matthews', 1, 'eos', 'kjames@hotmail.com', '08704 62680', '2021-11-17 07:56:56', '2021-11-17 07:56:56'),
(78, 'Samantha', 'Green', 1, 'eos', 'knight.harley@yahoo.co.uk', '(0010) 7833704', '2021-11-17 07:56:56', '2021-11-17 07:56:56'),
(79, 'Mike', 'Cox', 1, 'eos', 'davis.zoe@robinson.com', '06056073816', '2021-11-17 07:56:56', '2021-11-17 07:56:56'),
(80, 'Sabrina', 'Cook', 1, 'eos', 'hsimpson@gmail.com', '06989 438021', '2021-11-17 07:56:56', '2021-11-17 07:56:56'),
(81, 'Kieran', 'Walker', 1, 'eos', 'carter.aiden@hughes.info', '0784 0044638', '2021-11-17 07:56:56', '2021-11-17 07:56:56'),
(82, 'Tara', 'Johnson', 1, 'eos', 'kirsten.robinson@hotmail.com', '0301549132', '2021-11-17 07:56:56', '2021-11-17 07:56:56'),
(83, 'Tara', 'Fox', 1, 'eos', 'tcampbell@gmail.com', '+44(0)8570 814463', '2021-11-17 07:56:56', '2021-11-17 07:56:56'),
(84, 'James', 'Walsh', 1, 'eos', 'stacey71@gmail.com', '(07511) 900063', '2021-11-17 07:56:56', '2021-11-17 07:56:56'),
(85, 'Philip', 'Patel', 1, 'eos', 'hunt.michael@hotmail.com', '06049 645804', '2021-11-17 07:56:56', '2021-11-17 07:56:56'),
(86, 'Harry', 'Campbell', 1, 'eos', 'gmitchell@smith.com', '05102 71598', '2021-11-17 07:56:56', '2021-11-17 07:56:56'),
(87, 'Fiona', 'Roberts', 1, 'eos', 'patel.maisie@stewart.net', '(09435) 38991', '2021-11-17 07:56:56', '2021-11-17 07:56:56'),
(88, 'Lola', 'Thomas', 1, 'eos', 'noah.collins@reid.co.uk', '+44(0)151634448', '2021-11-17 07:56:56', '2021-11-17 07:56:56'),
(89, 'Frank', 'Knight', 1, 'eos', 'ruby.roberts@gmail.com', '0700 9363747', '2021-11-17 07:56:56', '2021-11-17 07:56:56'),
(90, 'Sienna', 'Kennedy', 1, 'eos', 'steve.reynolds@gmail.com', '08293 512062', '2021-11-17 07:56:56', '2021-11-17 07:56:56'),
(91, 'Duncan', 'Price', 1, 'eos', 'maisie70@yahoo.co.uk', '+44(0)4255 563545', '2021-11-17 07:56:56', '2021-11-17 07:56:56'),
(92, 'Amanda', 'Owen', 1, 'eos', 'butler.dave@lewis.biz', '0852 4407645', '2021-11-17 07:56:56', '2021-11-17 07:56:56'),
(93, 'Owen', 'Russell', 1, 'eos', 'clark.joseph@morris.biz', '06648 14285', '2021-11-17 07:56:56', '2021-11-17 07:56:56'),
(94, 'Eva', 'Wilkinson', 1, 'eos', 'mross@davis.co.uk', '+44(0)788296949', '2021-11-17 07:56:56', '2021-11-17 07:56:56'),
(95, 'Emily', 'Walsh', 1, 'eos', 'shaw.shannon@bennett.net', '0686 444 0412', '2021-11-17 07:56:56', '2021-11-17 07:56:56'),
(96, 'Francesca', 'Patel', 1, 'eos', 'awatson@fox.com', '(04274) 63506', '2021-11-17 07:56:56', '2021-11-17 07:56:56'),
(97, 'Francesca', 'Jackson', 1, 'eos', 'finley.owen@stevens.com', '+44(0)9518 146913', '2021-11-17 07:56:56', '2021-11-17 07:56:56'),
(98, 'Emily', 'Mason', 1, 'eos', 'fowen@gmail.co.uk', '+44(0)5624 464419', '2021-11-17 07:56:56', '2021-11-17 07:56:56'),
(99, 'Jim', 'Scott', 1, 'eos', 'harry.rose@stewart.com', '07982 682678', '2021-11-17 07:56:56', '2021-11-17 07:56:56'),
(100, 'Jodie', 'Young', 1, 'eos', 'miller.chris@gmail.co.uk', '+44(0)0660 10989', '2021-11-17 07:56:56', '2021-11-17 07:56:56'),
(101, 'Samuel', 'Owen', 2, 'voluptates', 'gmarshall@king.com', '+44(0)4476363591', '2021-11-17 07:56:56', '2021-11-17 07:56:56'),
(102, 'Carmen', 'Phillips', 2, 'voluptates', 'martin.alexandra@knight.org', '0987 212 1894', '2021-11-17 07:56:56', '2021-11-17 07:56:56'),
(103, 'Mark', 'Cooper', 2, 'voluptates', 'tiffany.walsh@hotmail.com', '+44(0)1626 583411', '2021-11-17 07:56:56', '2021-11-17 07:56:56'),
(104, 'Helena', 'Thompson', 2, 'voluptates', 'ella.wood@scott.org', '0375 740 1213', '2021-11-17 07:56:56', '2021-11-17 07:56:56'),
(105, 'Emma', 'Murray', 2, 'voluptates', 'graham.cameron@price.com', '+44(0)294440878', '2021-11-17 07:56:56', '2021-11-17 07:56:56'),
(106, 'Alexandra', 'Owen', 2, 'voluptates', 'craig.lloyd@yahoo.co.uk', '+44(0)433587132', '2021-11-17 07:56:56', '2021-11-17 07:56:56'),
(107, 'Hannah', 'Adams', 2, 'voluptates', 'sophie.baker@hotmail.com', '(02411) 03837', '2021-11-17 07:56:56', '2021-11-17 07:56:56'),
(108, 'Sebastian', 'Davies', 2, 'voluptates', 'evie95@chapman.com', '(0416) 9466117', '2021-11-17 07:56:56', '2021-11-17 07:56:56'),
(109, 'Abigail', 'Miller', 2, 'voluptates', 'qturner@yahoo.com', '01546 24064', '2021-11-17 07:56:56', '2021-11-17 07:56:56'),
(110, 'Barry', 'Clarke', 2, 'voluptates', 'creynolds@rogers.com', '+44(0)639123144', '2021-11-17 07:56:56', '2021-11-17 07:56:56'),
(111, 'Phoebe', 'Marshall', 2, 'voluptates', 'yyoung@yahoo.co.uk', '0727 6997918', '2021-11-17 07:56:56', '2021-11-17 07:56:56'),
(112, 'Kirsty', 'Collins', 2, 'voluptates', 'fcox@richards.org', '(04970) 35492', '2021-11-17 07:56:56', '2021-11-17 07:56:56'),
(113, 'Erin', 'Davies', 2, 'voluptates', 'sasha18@shaw.com', '01976 188136', '2021-11-17 07:56:56', '2021-11-17 07:56:56'),
(114, 'Theo', 'Wilson', 2, 'voluptates', 'fcarter@lee.org', '0025 0929964', '2021-11-17 07:56:56', '2021-11-17 07:56:56'),
(115, 'Daniel', 'Davis', 2, 'voluptates', 'griffiths.sofia@morgan.co.uk', '0324 7064086', '2021-11-17 07:56:56', '2021-11-17 07:56:56'),
(116, 'Finley', 'Cook', 2, 'voluptates', 'ksimpson@davies.info', '+44(0)3720035377', '2021-11-17 07:56:56', '2021-11-17 07:56:56'),
(117, 'Lucy', 'Morgan', 2, 'voluptates', 'elliot.king@yahoo.com', '+44(0)6418 06552', '2021-11-17 07:56:56', '2021-11-17 07:56:56'),
(118, 'Donna', 'Owen', 2, 'voluptates', 'greg.knight@hotmail.com', '0447 3614810', '2021-11-17 07:56:56', '2021-11-17 07:56:56'),
(119, 'Joseph', 'Knight', 2, 'voluptates', 'alex29@cox.biz', '0723536727', '2021-11-17 07:56:56', '2021-11-17 07:56:56'),
(120, 'Jim', 'Morris', 2, 'voluptates', 'ymiller@yahoo.co.uk', '+44(0)1208 28325', '2021-11-17 07:56:56', '2021-11-17 07:56:56'),
(121, 'Andrew', 'Wright', 2, 'voluptates', 'stephanie29@williams.biz', '0138740332', '2021-11-17 07:56:56', '2021-11-17 07:56:56'),
(122, 'Shannon', 'Wright', 2, 'voluptates', 'khan.lindsay@yahoo.co.uk', '(0407) 3896857', '2021-11-17 07:56:56', '2021-11-17 07:56:56'),
(123, 'James', 'Taylor', 2, 'voluptates', 'fiona08@bennett.biz', '+44(0)6263 18142', '2021-11-17 07:56:56', '2021-11-17 07:56:56'),
(124, 'Mia', 'Hill', 2, 'voluptates', 'xcooper@walsh.com', '0939 970 9529', '2021-11-17 07:56:56', '2021-11-17 07:56:56'),
(125, 'Philip', 'Cooper', 2, 'voluptates', 'rogers.vanessa@scott.com', '+44(0)7530786329', '2021-11-17 07:56:56', '2021-11-17 07:56:56'),
(126, 'Alexander', 'Martin', 2, 'voluptates', 'justine.wright@morgan.net', '(01485) 731162', '2021-11-17 07:56:56', '2021-11-17 07:56:56'),
(127, 'Megan', 'Matthews', 2, 'voluptates', 'hunter.ashley@yahoo.com', '(0290) 824 9355', '2021-11-17 07:56:56', '2021-11-17 07:56:56'),
(128, 'Ellie', 'Palmer', 2, 'voluptates', 'victoria.bailey@parker.com', '06853 312257', '2021-11-17 07:56:56', '2021-11-17 07:56:56'),
(129, 'Joshua', 'Holmes', 2, 'voluptates', 'wilson.maisie@yahoo.co.uk', '(0575) 8199120', '2021-11-17 07:56:56', '2021-11-17 07:56:56'),
(130, 'Dean', 'Cooper', 2, 'voluptates', 'hparker@roberts.biz', '0890427696', '2021-11-17 07:56:56', '2021-11-17 07:56:56'),
(131, 'Eileen', 'Allen', 2, 'voluptates', 'rob.hall@gmail.com', '+44(0)647613568', '2021-11-17 07:56:56', '2021-11-17 07:56:56'),
(132, 'Adrian', 'Hunter', 2, 'voluptates', 'amber.baker@yahoo.com', '+44(0)0440965801', '2021-11-17 07:56:56', '2021-11-17 07:56:56'),
(133, 'Joel', 'Bailey', 2, 'voluptates', 'bethany94@hotmail.co.uk', '+44(0)865701054', '2021-11-17 07:56:56', '2021-11-17 07:56:56'),
(134, 'Vicky', 'Saunders', 2, 'voluptates', 'naomi.clark@adams.biz', '(0491) 2288697', '2021-11-17 07:56:56', '2021-11-17 07:56:56'),
(135, 'Mason', 'Edwards', 2, 'voluptates', 'suzanne.wright@hotmail.com', '+44(0)848388815', '2021-11-17 07:56:56', '2021-11-17 07:56:56'),
(136, 'Kirsten', 'Holmes', 2, 'voluptates', 'maria.butler@yahoo.co.uk', '(09843) 60520', '2021-11-17 07:56:56', '2021-11-17 07:56:56'),
(137, 'Abigail', 'Johnson', 2, 'voluptates', 'arthur06@gmail.com', '(02706) 63183', '2021-11-17 07:56:56', '2021-11-17 07:56:56'),
(138, 'Beth', 'Davis', 2, 'voluptates', 'kelly.jacob@hotmail.co.uk', '+44(0)3859 08308', '2021-11-17 07:56:56', '2021-11-17 07:56:56'),
(139, 'Maisie', 'White', 2, 'voluptates', 'harris.nicole@stevens.com', '(0577) 1577826', '2021-11-17 07:56:56', '2021-11-17 07:56:56'),
(140, 'Becky', 'Palmer', 2, 'voluptates', 'ward.eleanor@jackson.com', '(08141) 695789', '2021-11-17 07:56:56', '2021-11-17 07:56:56'),
(141, 'Karl', 'Turner', 2, 'voluptates', 'hcox@gmail.co.uk', '+44(0)8465927924', '2021-11-17 07:56:56', '2021-11-17 07:56:56'),
(142, 'Bradley', 'Hill', 2, 'voluptates', 'bailey.amber@yahoo.com', '07341 217280', '2021-11-17 07:56:56', '2021-11-17 07:56:56'),
(143, 'Ray', 'Russell', 2, 'voluptates', 'molly.carter@gmail.co.uk', '(06127) 82469', '2021-11-17 07:56:56', '2021-11-17 07:56:56'),
(144, 'Mason', 'Cook', 2, 'voluptates', 'nicole01@hotmail.com', '(01598) 76618', '2021-11-17 07:56:56', '2021-11-17 07:56:56'),
(145, 'Naomi', 'Walsh', 2, 'voluptates', 'thomas.murphy@chapman.com', '+44(0)7063280311', '2021-11-17 07:56:56', '2021-11-17 07:56:56'),
(146, 'Suzanne', 'Matthews', 2, 'voluptates', 'ross.king@chapman.com', '+44(0)1826 23132', '2021-11-17 07:56:56', '2021-11-17 07:56:56'),
(147, 'William', 'Stevens', 2, 'voluptates', 'nwalsh@davis.biz', '0650 7082897', '2021-11-17 07:56:56', '2021-11-17 07:56:56'),
(148, 'Courtney', 'Holmes', 2, 'voluptates', 'mitchell.greg@yahoo.com', '09573539844', '2021-11-17 07:56:56', '2021-11-17 07:56:56'),
(149, 'Harrison', 'Rogers', 2, 'voluptates', 'john.price@hotmail.com', '+44(0)8995 04829', '2021-11-17 07:56:56', '2021-11-17 07:56:56'),
(150, 'Dave', 'James', 2, 'voluptates', 'james.powell@gmail.com', '09127 095823', '2021-11-17 07:56:56', '2021-11-17 07:56:56'),
(151, 'Caroline', 'Murphy', 2, 'voluptates', 'davies.danielle@matthews.biz', '05991 972951', '2021-11-17 07:56:56', '2021-11-17 07:56:56'),
(152, 'Jessica', 'Richardson', 2, 'voluptates', 'hunter.evelyn@griffiths.com', '+44(0)5658 716734', '2021-11-17 07:56:56', '2021-11-17 07:56:56'),
(153, 'Logan', 'Clarke', 2, 'voluptates', 'helen.harrison@saunders.com', '(06687) 990932', '2021-11-17 07:56:56', '2021-11-17 07:56:56'),
(154, 'Owen', 'Robertson', 2, 'voluptates', 'alexandra21@harrison.com', '+44(0)1877 119799', '2021-11-17 07:56:56', '2021-11-17 07:56:56'),
(155, 'Matilda', 'Simpson', 2, 'voluptates', 'keith90@hotmail.co.uk', '0016433799', '2021-11-17 07:56:56', '2021-11-17 07:56:56'),
(156, 'Courtney', 'Reid', 2, 'voluptates', 'scott.palmer@king.info', '(00377) 24068', '2021-11-17 07:56:56', '2021-11-17 07:56:56'),
(157, 'Pete', 'Smith', 2, 'voluptates', 'robinson.rowena@stevens.com', '+44(0)6115035236', '2021-11-17 07:56:56', '2021-11-17 07:56:56'),
(158, 'Harvey', 'Simpson', 2, 'voluptates', 'jchapman@hill.net', '08023478810', '2021-11-17 07:56:56', '2021-11-17 07:56:56'),
(159, 'Faye', 'Davies', 2, 'voluptates', 'charles.holmes@hotmail.co.uk', '(0191) 841 8204', '2021-11-17 07:56:56', '2021-11-17 07:56:56'),
(160, 'Zoe', 'Thomas', 2, 'voluptates', 'holmes.alexander@hotmail.com', '+44(0)1463477332', '2021-11-17 07:56:56', '2021-11-17 07:56:56'),
(161, 'Tanya', 'Collins', 2, 'voluptates', 'nathan.richards@clarke.com', '(0302) 003 2929', '2021-11-17 07:56:56', '2021-11-17 07:56:56'),
(162, 'Jodie', 'Lewis', 2, 'voluptates', 'patel.alexa@matthews.com', '09691795646', '2021-11-17 07:56:56', '2021-11-17 07:56:56'),
(163, 'Graham', 'Hall', 2, 'voluptates', 'xkelly@hotmail.com', '(03665) 346133', '2021-11-17 07:56:56', '2021-11-17 07:56:56'),
(164, 'Graham', 'Evans', 2, 'voluptates', 'dennis48@gmail.co.uk', '+44(0)3162681942', '2021-11-17 07:56:56', '2021-11-17 07:56:56'),
(165, 'Cameron', 'Robinson', 2, 'voluptates', 'ken.adams@richards.com', '(0721) 673 6694', '2021-11-17 07:56:56', '2021-11-17 07:56:56'),
(166, 'Ashley', 'Graham', 2, 'voluptates', 'tholmes@wood.com', '(0520) 494 9194', '2021-11-17 07:56:56', '2021-11-17 07:56:56'),
(167, 'Matthew', 'Stevens', 2, 'voluptates', 'pauline28@morris.com', '03392 77153', '2021-11-17 07:56:56', '2021-11-17 07:56:56'),
(168, 'Imogen', 'Watson', 2, 'voluptates', 'freddie28@hotmail.com', '03814778196', '2021-11-17 07:56:56', '2021-11-17 07:56:56'),
(169, 'Georgia', 'Young', 2, 'voluptates', 'stefan.rogers@baker.com', '+44(0)367232141', '2021-11-17 07:56:56', '2021-11-17 07:56:56'),
(170, 'Connor', 'Fox', 2, 'voluptates', 'qlloyd@hotmail.co.uk', '0120 5027374', '2021-11-17 07:56:56', '2021-11-17 07:56:56'),
(171, 'Amber', 'Rogers', 2, 'voluptates', 'sienna.bell@hall.com', '+44(0)5296532061', '2021-11-17 07:56:56', '2021-11-17 07:56:56'),
(172, 'Dylan', 'Wright', 2, 'voluptates', 'archie82@gmail.co.uk', '0364 776 9547', '2021-11-17 07:56:56', '2021-11-17 07:56:56'),
(173, 'Darren', 'Watson', 2, 'voluptates', 'mgriffiths@gmail.co.uk', '+44(0)8093138521', '2021-11-17 07:56:56', '2021-11-17 07:56:56'),
(174, 'Elizabeth', 'Mitchell', 2, 'voluptates', 'shughes@chapman.com', '+44(0)6258 62525', '2021-11-17 07:56:56', '2021-11-17 07:56:56'),
(175, 'Sonia', 'Davis', 2, 'voluptates', 'fcox@yahoo.com', '03323 91221', '2021-11-17 07:56:56', '2021-11-17 07:56:56'),
(176, 'Toby', 'Hughes', 2, 'voluptates', 'harley46@gmail.co.uk', '0254745476', '2021-11-17 07:56:56', '2021-11-17 07:56:56'),
(177, 'Emma', 'Cooper', 2, 'voluptates', 'parker.zoe@yahoo.co.uk', '(0671) 408 8135', '2021-11-17 07:56:56', '2021-11-17 07:56:56'),
(178, 'Vanessa', 'Walsh', 2, 'voluptates', 'keith.morris@gmail.co.uk', '03334 04291', '2021-11-17 07:56:56', '2021-11-17 07:56:56'),
(179, 'Alan', 'Griffiths', 2, 'voluptates', 'tiffany40@hotmail.com', '(0869) 4066371', '2021-11-17 07:56:56', '2021-11-17 07:56:56'),
(180, 'Sabrina', 'Allen', 2, 'voluptates', 'mike98@gmail.co.uk', '(05468) 31938', '2021-11-17 07:56:56', '2021-11-17 07:56:56'),
(181, 'Edward', 'Moore', 2, 'voluptates', 'brandon.thomas@hotmail.co.uk', '(04162) 385922', '2021-11-17 07:56:56', '2021-11-17 07:56:56'),
(182, 'Jackson', 'Walker', 2, 'voluptates', 'stewart.rebecca@gmail.co.uk', '+44(0)470567063', '2021-11-17 07:56:56', '2021-11-17 07:56:56'),
(183, 'Mike', 'Richards', 2, 'voluptates', 'holmes.emma@jones.biz', '+44(0)0767719179', '2021-11-17 07:56:56', '2021-11-17 07:56:56'),
(184, 'Teagan', 'Richards', 2, 'voluptates', 'david91@yahoo.com', '0258 735 4975', '2021-11-17 07:56:56', '2021-11-17 07:56:56'),
(185, 'Natasha', 'Ward', 2, 'voluptates', 'ellis.will@gmail.com', '0088784083', '2021-11-17 07:56:56', '2021-11-17 07:56:56'),
(186, 'Craig', 'Mason', 2, 'voluptates', 'kieran.ellis@yahoo.co.uk', '03981600573', '2021-11-17 07:56:56', '2021-11-17 07:56:56'),
(187, 'Isabel', 'Matthews', 2, 'voluptates', 'harvey56@yahoo.com', '+44(0)7552859894', '2021-11-17 07:56:56', '2021-11-17 07:56:56'),
(188, 'Sonia', 'Thompson', 2, 'voluptates', 'abennett@turner.co.uk', '+44(0)0619 343920', '2021-11-17 07:56:56', '2021-11-17 07:56:56'),
(189, 'Chelsea', 'Cox', 2, 'voluptates', 'eleanor.rogers@yahoo.co.uk', '(0468) 9251022', '2021-11-17 07:56:56', '2021-11-17 07:56:56'),
(190, 'Stephen', 'Hill', 2, 'voluptates', 'reid.finley@gmail.co.uk', '06214 08374', '2021-11-17 07:56:56', '2021-11-17 07:56:56'),
(191, 'Muhammad', 'Simpson', 2, 'voluptates', 'darren05@richards.com', '+44(0)5290 72921', '2021-11-17 07:56:56', '2021-11-17 07:56:56'),
(192, 'Alice', 'Price', 2, 'voluptates', 'harley79@gmail.com', '09984198068', '2021-11-17 07:56:56', '2021-11-17 07:56:56'),
(193, 'Elliot', 'Kennedy', 2, 'voluptates', 'nikki.parker@gmail.co.uk', '(02810) 324213', '2021-11-17 07:56:56', '2021-11-17 07:56:56'),
(194, 'Jacob', 'Saunders', 2, 'voluptates', 'olloyd@rogers.co.uk', '(0117) 313 8694', '2021-11-17 07:56:56', '2021-11-17 07:56:56'),
(195, 'Craig', 'Miller', 2, 'voluptates', 'kyle73@hotmail.co.uk', '(0939) 9336259', '2021-11-17 07:56:56', '2021-11-17 07:56:56'),
(196, 'Tiffany', 'Reid', 2, 'voluptates', 'graham.max@kelly.biz', '02386 50944', '2021-11-17 07:56:56', '2021-11-17 07:56:56'),
(197, 'Alice', 'Khan', 2, 'voluptates', 'lexi76@gmail.co.uk', '01510547129', '2021-11-17 07:56:56', '2021-11-17 07:56:56'),
(198, 'Colin', 'Miller', 2, 'voluptates', 'ycampbell@wilkinson.org', '+44(0)6312950334', '2021-11-17 07:56:56', '2021-11-17 07:56:56'),
(199, 'Sofia', 'Cox', 2, 'voluptates', 'hughes.daisy@hotmail.co.uk', '01434202967', '2021-11-17 07:56:56', '2021-11-17 07:56:56'),
(200, 'Sabrina', 'Russell', 2, 'voluptates', 'nparker@gmail.co.uk', '(05573) 59370', '2021-11-17 07:56:56', '2021-11-17 07:56:56'),
(201, 'Tiffany', 'Butler', 3, 'voluptatum', 'price.roxanne@martin.com', '+44(0)9297 27317', '2021-11-17 07:56:56', '2021-11-17 07:56:56'),
(202, 'Caroline', 'Knight', 3, 'voluptatum', 'holmes.lily@bailey.com', '+44(0)3230638936', '2021-11-17 07:56:56', '2021-11-17 07:56:56'),
(203, 'Dominic', 'Hughes', 3, 'voluptatum', 'chelsea38@hotmail.co.uk', '03616 69000', '2021-11-17 07:56:56', '2021-11-17 07:56:56'),
(204, 'Zach', 'Richards', 3, 'voluptatum', 'holly74@graham.co.uk', '00936 68441', '2021-11-17 07:56:56', '2021-11-17 07:56:56'),
(205, 'Alison', 'Jones', 3, 'voluptatum', 'matilda.cooper@wilkinson.co.uk', '0910 673 4874', '2021-11-17 07:56:56', '2021-11-17 07:56:56'),
(206, 'Fred', 'Gray', 3, 'voluptatum', 'zoe13@yahoo.com', '(0949) 0719307', '2021-11-17 07:56:56', '2021-11-17 07:56:56'),
(207, 'Yasmine', 'Reid', 3, 'voluptatum', 'julie.campbell@morgan.biz', '09088626335', '2021-11-17 07:56:56', '2021-11-17 07:56:56'),
(208, 'Abigail', 'Edwards', 3, 'voluptatum', 'patel.zoe@harrison.biz', '03071481241', '2021-11-17 07:56:56', '2021-11-17 07:56:56'),
(209, 'Amelia', 'Davis', 3, 'voluptatum', 'dmorris@price.com', '03208 155801', '2021-11-17 07:56:56', '2021-11-17 07:56:56'),
(210, 'Charles', 'Mason', 3, 'voluptatum', 'jessica.anderson@hotmail.co.uk', '05881 87781', '2021-11-17 07:56:56', '2021-11-17 07:56:56'),
(211, 'Alex', 'Watson', 3, 'voluptatum', 'duncan.davis@cook.biz', '05837828066', '2021-11-17 07:56:56', '2021-11-17 07:56:56'),
(212, 'Sophie', 'Harrison', 3, 'voluptatum', 'carole56@yahoo.co.uk', '+44(0)7522 01182', '2021-11-17 07:56:56', '2021-11-17 07:56:56'),
(213, 'Laura', 'Morgan', 3, 'voluptatum', 'justine.smith@hotmail.com', '0433727355', '2021-11-17 07:56:56', '2021-11-17 07:56:56'),
(214, 'Julia', 'Taylor', 3, 'voluptatum', 'tanya18@hotmail.com', '(09381) 30293', '2021-11-17 07:56:56', '2021-11-17 07:56:56'),
(215, 'Zoe', 'Adams', 3, 'voluptatum', 'poppy.white@yahoo.com', '+44(0)4553 20372', '2021-11-17 07:56:56', '2021-11-17 07:56:56'),
(216, 'Jennifer', 'Green', 3, 'voluptatum', 'scott.callum@phillips.com', '(07501) 758102', '2021-11-17 07:56:56', '2021-11-17 07:56:56'),
(217, 'Dylan', 'Harris', 3, 'voluptatum', 'rreid@clark.net', '(0014) 524 5313', '2021-11-17 07:56:56', '2021-11-17 07:56:56'),
(218, 'Lola', 'Robertson', 3, 'voluptatum', 'taylor.scarlett@taylor.info', '(0488) 413 8989', '2021-11-17 07:56:56', '2021-11-17 07:56:56'),
(219, 'Leo', 'Rogers', 3, 'voluptatum', 'stevens.laura@hotmail.co.uk', '0502 927 1664', '2021-11-17 07:56:56', '2021-11-17 07:56:56'),
(220, 'Laura', 'Price', 3, 'voluptatum', 'kelly.leah@hotmail.co.uk', '(04826) 476084', '2021-11-17 07:56:56', '2021-11-17 07:56:56'),
(221, 'Natalie', 'Graham', 3, 'voluptatum', 'keith.hall@cook.co.uk', '0126920177', '2021-11-17 07:56:56', '2021-11-17 07:56:56'),
(222, 'Jodie', 'Chapman', 3, 'voluptatum', 'krichardson@gmail.co.uk', '0586 5327844', '2021-11-17 07:56:56', '2021-11-17 07:56:56'),
(223, 'Archie', 'Cox', 3, 'voluptatum', 'hannah.wilson@davies.biz', '(09446) 817961', '2021-11-17 07:56:56', '2021-11-17 07:56:56'),
(224, 'Melissa', 'Parker', 3, 'voluptatum', 'hchapman@clarke.net', '(02913) 13745', '2021-11-17 07:56:56', '2021-11-17 07:56:56'),
(225, 'Anna', 'Holmes', 3, 'voluptatum', 'ross.alex@wood.org', '+44(0)3615196590', '2021-11-17 07:56:56', '2021-11-17 07:56:56'),
(226, 'Rachel', 'Jackson', 3, 'voluptatum', 'joe.smith@hunter.org', '(0230) 298 1420', '2021-11-17 07:56:56', '2021-11-17 07:56:56'),
(227, 'Carlie', 'Chapman', 3, 'voluptatum', 'daniel.watson@yahoo.co.uk', '+44(0)635884022', '2021-11-17 07:56:56', '2021-11-17 07:56:56'),
(228, 'Alexander', 'Reid', 3, 'voluptatum', 'tom.simpson@yahoo.com', '0503407371', '2021-11-17 07:56:56', '2021-11-17 07:56:56'),
(229, 'Karl', 'Shaw', 3, 'voluptatum', 'ava.harris@hotmail.com', '0980 1710440', '2021-11-17 07:56:56', '2021-11-17 07:56:56'),
(230, 'Alice', 'Cox', 3, 'voluptatum', 'ray.butler@gmail.com', '(02135) 84003', '2021-11-17 07:56:56', '2021-11-17 07:56:56'),
(231, 'Mark', 'Lee', 3, 'voluptatum', 'morris.christian@hotmail.com', '(03264) 48787', '2021-11-17 07:56:56', '2021-11-17 07:56:56'),
(232, 'Isabelle', 'Davis', 3, 'voluptatum', 'wkelly@murphy.info', '+44(0)3724 08585', '2021-11-17 07:56:56', '2021-11-17 07:56:56'),
(233, 'Yvonne', 'Walsh', 3, 'voluptatum', 'harris.andy@chapman.org', '+44(0)2647 546594', '2021-11-17 07:56:56', '2021-11-17 07:56:56'),
(234, 'Dean', 'Smith', 3, 'voluptatum', 'patricia.thomas@king.biz', '+44(0)6013 443843', '2021-11-17 07:56:56', '2021-11-17 07:56:56'),
(235, 'Carlie', 'Owen', 3, 'voluptatum', 'cameron.cox@ross.com', '(0370) 285 9630', '2021-11-17 07:56:56', '2021-11-17 07:56:56'),
(236, 'Amelia', 'Murphy', 3, 'voluptatum', 'alex.bennett@patel.com', '07217062767', '2021-11-17 07:56:56', '2021-11-17 07:56:56'),
(237, 'Joanne', 'Lewis', 3, 'voluptatum', 'molly.white@holmes.com', '(0789) 588 9255', '2021-11-17 07:56:56', '2021-11-17 07:56:56'),
(238, 'Bradley', 'Holmes', 3, 'voluptatum', 'elliott27@gmail.co.uk', '(0925) 911 0680', '2021-11-17 07:56:56', '2021-11-17 07:56:56'),
(239, 'Harry', 'Allen', 3, 'voluptatum', 'ruby.thomas@hotmail.com', '(0766) 168 9936', '2021-11-17 07:56:56', '2021-11-17 07:56:56'),
(240, 'Harley', 'Hunt', 3, 'voluptatum', 'palmer.ben@gmail.com', '+44(0)1704 99433', '2021-11-17 07:56:56', '2021-11-17 07:56:56'),
(241, 'Sophie', 'Green', 3, 'voluptatum', 'grant68@hotmail.co.uk', '(06821) 31833', '2021-11-17 07:56:56', '2021-11-17 07:56:56'),
(242, 'Andy', 'Young', 3, 'voluptatum', 'benjamin.price@gmail.co.uk', '(0878) 4337253', '2021-11-17 07:56:56', '2021-11-17 07:56:56'),
(243, 'Sophie', 'Knight', 3, 'voluptatum', 'liam.ross@gmail.com', '00159919105', '2021-11-17 07:56:56', '2021-11-17 07:56:56'),
(244, 'Dave', 'Mason', 3, 'voluptatum', 'white.chelsea@hunt.info', '+44(0)9916398070', '2021-11-17 07:56:56', '2021-11-17 07:56:56'),
(245, 'Mia', 'Green', 3, 'voluptatum', 'greg.phillips@graham.com', '02802 94178', '2021-11-17 07:56:56', '2021-11-17 07:56:56'),
(246, 'Scott', 'Kennedy', 3, 'voluptatum', 'zoe80@yahoo.com', '00370 10837', '2021-11-17 07:56:56', '2021-11-17 07:56:56'),
(247, 'Sophia', 'Thompson', 3, 'voluptatum', 'zlewis@walsh.com', '0585644804', '2021-11-17 07:56:56', '2021-11-17 07:56:56'),
(248, 'Ian', 'Young', 3, 'voluptatum', 'gordon.phillips@gmail.com', '(0553) 840 5918', '2021-11-17 07:56:56', '2021-11-17 07:56:56'),
(249, 'Ross', 'Lloyd', 3, 'voluptatum', 'pete95@reynolds.org', '+44(0)9841166783', '2021-11-17 07:56:56', '2021-11-17 07:56:56'),
(250, 'Leanne', 'Richardson', 3, 'voluptatum', 'amber.hall@yahoo.com', '(00530) 382339', '2021-11-17 07:56:56', '2021-11-17 07:56:56'),
(251, 'Chris', 'Harris', 3, 'voluptatum', 'kimberly89@stewart.org', '0206 491 6131', '2021-11-17 07:56:56', '2021-11-17 07:56:56'),
(252, 'Grace', 'Wright', 3, 'voluptatum', 'stefan.richards@hotmail.com', '+44(0)173745164', '2021-11-17 07:56:56', '2021-11-17 07:56:56'),
(253, 'Alison', 'White', 3, 'voluptatum', 'claire.clarke@miller.info', '+44(0)6005 675478', '2021-11-17 07:56:56', '2021-11-17 07:56:56'),
(254, 'Lewis', 'Wilson', 3, 'voluptatum', 'ataylor@harrison.com', '+44(0)832306044', '2021-11-17 07:56:56', '2021-11-17 07:56:56'),
(255, 'Lindsay', 'Jackson', 3, 'voluptatum', 'james.stefan@patel.com', '0015961416', '2021-11-17 07:56:56', '2021-11-17 07:56:56'),
(256, 'Daisy', 'Marshall', 3, 'voluptatum', 'ward.jim@yahoo.co.uk', '(00649) 33009', '2021-11-17 07:56:56', '2021-11-17 07:56:56'),
(257, 'Paula', 'Harris', 3, 'voluptatum', 'hannah61@gmail.co.uk', '08957 080422', '2021-11-17 07:56:56', '2021-11-17 07:56:56'),
(258, 'Kimberly', 'Patel', 3, 'voluptatum', 'julia27@williams.com', '+44(0)0947050513', '2021-11-17 07:56:56', '2021-11-17 07:56:56'),
(259, 'Teagan', 'Smith', 3, 'voluptatum', 'parker.tina@reynolds.com', '0270 862 3290', '2021-11-17 07:56:56', '2021-11-17 07:56:56'),
(260, 'Chelsea', 'Wilson', 3, 'voluptatum', 'kadams@gmail.co.uk', '(05342) 195320', '2021-11-17 07:56:56', '2021-11-17 07:56:56'),
(261, 'Roxanne', 'Kennedy', 3, 'voluptatum', 'ward.katie@hotmail.co.uk', '0098042259', '2021-11-17 07:56:56', '2021-11-17 07:56:56'),
(262, 'Jason', 'Hughes', 3, 'voluptatum', 'miller.finley@yahoo.co.uk', '+44(0)7114295674', '2021-11-17 07:56:56', '2021-11-17 07:56:56'),
(263, 'Joshua', 'Lee', 3, 'voluptatum', 'ncooper@gmail.com', '(08156) 34321', '2021-11-17 07:56:56', '2021-11-17 07:56:56'),
(264, 'Rowena', 'Martin', 3, 'voluptatum', 'white.jim@gmail.co.uk', '(0996) 343 8451', '2021-11-17 07:56:56', '2021-11-17 07:56:56'),
(265, 'Samantha', 'Harris', 3, 'voluptatum', 'xpatel@lee.biz', '(0098) 2581905', '2021-11-17 07:56:56', '2021-11-17 07:56:56'),
(266, 'Fred', 'Evans', 3, 'voluptatum', 'muhammad.holmes@wilkinson.com', '(08189) 58191', '2021-11-17 07:56:56', '2021-11-17 07:56:56'),
(267, 'Edward', 'Parker', 3, 'voluptatum', 'adams.gary@harrison.info', '+44(0)2448 701281', '2021-11-17 07:56:56', '2021-11-17 07:56:56'),
(268, 'Bruce', 'Graham', 3, 'voluptatum', 'hbaker@gmail.com', '+44(0)3902 62455', '2021-11-17 07:56:56', '2021-11-17 07:56:56'),
(269, 'Dylan', 'Gray', 3, 'voluptatum', 'archie96@gmail.com', '0224 707 8640', '2021-11-17 07:56:56', '2021-11-17 07:56:56'),
(270, 'Tina', 'Kennedy', 3, 'voluptatum', 'palmer.stacey@yahoo.com', '+44(0)7563560424', '2021-11-17 07:56:56', '2021-11-17 07:56:56'),
(271, 'Jessica', 'Bailey', 3, 'voluptatum', 'wilkinson.hannah@green.com', '08726825878', '2021-11-17 07:56:56', '2021-11-17 07:56:56'),
(272, 'Alison', 'Ward', 3, 'voluptatum', 'anthony.murray@marshall.com', '0001 4107980', '2021-11-17 07:56:56', '2021-11-17 07:56:56'),
(273, 'Evelyn', 'Harrison', 3, 'voluptatum', 'keith.walsh@gmail.com', '02241 82750', '2021-11-17 07:56:56', '2021-11-17 07:56:56'),
(274, 'Kieran', 'Powell', 3, 'voluptatum', 'marshall.hollie@richardson.biz', '03051 530919', '2021-11-17 07:56:56', '2021-11-17 07:56:56'),
(275, 'Duncan', 'Turner', 3, 'voluptatum', 'amber84@bailey.com', '(0230) 492 3515', '2021-11-17 07:56:56', '2021-11-17 07:56:56'),
(276, 'Karlie', 'Holmes', 3, 'voluptatum', 'igraham@anderson.co.uk', '(05964) 02232', '2021-11-17 07:56:56', '2021-11-17 07:56:56'),
(277, 'Becky', 'Shaw', 3, 'voluptatum', 'allen.lewis@harrison.com', '00959214642', '2021-11-17 07:56:56', '2021-11-17 07:56:56'),
(278, 'Pauline', 'Lee', 3, 'voluptatum', 'vicky.smith@jones.com', '(01043) 60290', '2021-11-17 07:56:56', '2021-11-17 07:56:56'),
(279, 'Hannah', 'Fox', 3, 'voluptatum', 'joe.hunter@yahoo.co.uk', '0252 4437796', '2021-11-17 07:56:56', '2021-11-17 07:56:56'),
(280, 'Beth', 'Murphy', 3, 'voluptatum', 'victoria34@rogers.org', '(01185) 48380', '2021-11-17 07:56:56', '2021-11-17 07:56:56'),
(281, 'Imogen', 'Cooper', 3, 'voluptatum', 'keith32@young.com', '05425691376', '2021-11-17 07:56:56', '2021-11-17 07:56:56'),
(282, 'Elsie', 'Mitchell', 3, 'voluptatum', 'mary.rose@rose.net', '+44(0)530132791', '2021-11-17 07:56:56', '2021-11-17 07:56:56'),
(283, 'Peter', 'Shaw', 3, 'voluptatum', 'lucy73@hotmail.com', '+44(0)1913 44276', '2021-11-17 07:56:56', '2021-11-17 07:56:56'),
(284, 'Nikki', 'Moore', 3, 'voluptatum', 'karlie.brown@walker.com', '+44(0)885891844', '2021-11-17 07:56:56', '2021-11-17 07:56:56'),
(285, 'Frank', 'Powell', 3, 'voluptatum', 'richards.natasha@carter.info', '03954343800', '2021-11-17 07:56:56', '2021-11-17 07:56:56'),
(286, 'Steve', 'Simpson', 3, 'voluptatum', 'russell.oliver@gmail.co.uk', '09976450722', '2021-11-17 07:56:56', '2021-11-17 07:56:56'),
(287, 'Dale', 'Parker', 3, 'voluptatum', 'hill.chloe@carter.com', '(0619) 103 0764', '2021-11-17 07:56:56', '2021-11-17 07:56:56'),
(288, 'Julie', 'Phillips', 3, 'voluptatum', 'max.hughes@gmail.co.uk', '08587995964', '2021-11-17 07:56:56', '2021-11-17 07:56:56'),
(289, 'Jake', 'Khan', 3, 'voluptatum', 'abbie.edwards@hotmail.co.uk', '(03510) 932695', '2021-11-17 07:56:56', '2021-11-17 07:56:56'),
(290, 'Scarlett', 'Holmes', 3, 'voluptatum', 'krussell@mitchell.com', '0317 3593459', '2021-11-17 07:56:56', '2021-11-17 07:56:56'),
(291, 'Owen', 'Griffiths', 3, 'voluptatum', 'hlee@harrison.co.uk', '0993 711 1999', '2021-11-17 07:56:56', '2021-11-17 07:56:56'),
(292, 'Mohammed', 'Murphy', 3, 'voluptatum', 'hill.andy@yahoo.com', '(08674) 540600', '2021-11-17 07:56:56', '2021-11-17 07:56:56'),
(293, 'Lily', 'Scott', 3, 'voluptatum', 'nathan.stevens@hotmail.co.uk', '0716 434 1229', '2021-11-17 07:56:56', '2021-11-17 07:56:56'),
(294, 'Isabelle', 'Hughes', 3, 'voluptatum', 'sarah.hughes@robinson.com', '(0369) 3894958', '2021-11-17 07:56:56', '2021-11-17 07:56:56'),
(295, 'Lola', 'Cook', 3, 'voluptatum', 'graham24@edwards.com', '0308 3734548', '2021-11-17 07:56:56', '2021-11-17 07:56:56'),
(296, 'Kieran', 'Price', 3, 'voluptatum', 'erose@hotmail.com', '+44(0)8865 988027', '2021-11-17 07:56:56', '2021-11-17 07:56:56'),
(297, 'Louis', 'Marshall', 3, 'voluptatum', 'jack85@gmail.co.uk', '+44(0)4749 604248', '2021-11-17 07:56:56', '2021-11-17 07:56:56'),
(298, 'Melissa', 'Allen', 3, 'voluptatum', 'aedwards@evans.com', '+44(0)7215 69119', '2021-11-17 07:56:56', '2021-11-17 07:56:56'),
(299, 'Matilda', 'Edwards', 3, 'voluptatum', 'george04@morgan.com', '(0126) 9885306', '2021-11-17 07:56:56', '2021-11-17 07:56:56'),
(300, 'Nicole', 'Morris', 3, 'voluptatum', 'jessica12@miller.net', '(09175) 262226', '2021-11-17 07:56:56', '2021-11-17 07:56:56'),
(301, 'Ava', 'Jones', 4, 'sed', 'david78@hotmail.com', '(09780) 03538', '2021-11-17 07:56:56', '2021-11-17 07:56:56'),
(302, 'Lewis', 'Wood', 4, 'sed', 'mason.martin@yahoo.co.uk', '05309 29485', '2021-11-17 07:56:56', '2021-11-17 07:56:56'),
(303, 'Lola', 'Lloyd', 4, 'sed', 'tiffany.clarke@gmail.com', '00119 19099', '2021-11-17 07:56:56', '2021-11-17 07:56:56'),
(304, 'Dean', 'Ross', 4, 'sed', 'ellie.smith@thompson.info', '0658 505 0312', '2021-11-17 07:56:56', '2021-11-17 07:56:56'),
(305, 'Zoe', 'Reid', 4, 'sed', 'yvonne83@hill.com', '(0212) 253 8396', '2021-11-17 07:56:56', '2021-11-17 07:56:56'),
(306, 'Victoria', 'Harrison', 4, 'sed', 'hunter.florence@hotmail.com', '06281 701722', '2021-11-17 07:56:56', '2021-11-17 07:56:56'),
(307, 'Liam', 'Evans', 4, 'sed', 'stacey.knight@walker.org', '0570156345', '2021-11-17 07:56:56', '2021-11-17 07:56:56'),
(308, 'Harrison', 'Jones', 4, 'sed', 'kirsty.jackson@yahoo.com', '(0478) 2951465', '2021-11-17 07:56:56', '2021-11-17 07:56:56'),
(309, 'Kevin', 'Allen', 4, 'sed', 'alice20@hotmail.com', '+44(0)6868 55537', '2021-11-17 07:56:56', '2021-11-17 07:56:56'),
(310, 'Anna', 'Cox', 4, 'sed', 'rachel24@hotmail.com', '03607441413', '2021-11-17 07:56:56', '2021-11-17 07:56:56'),
(311, 'Ellie', 'Edwards', 4, 'sed', 'connor74@gmail.com', '+44(0)349057410', '2021-11-17 07:56:56', '2021-11-17 07:56:56'),
(312, 'Alexa', 'Gray', 4, 'sed', 'smith.alfie@richardson.info', '0060 3304740', '2021-11-17 07:56:56', '2021-11-17 07:56:56'),
(313, 'Tanya', 'Jones', 4, 'sed', 'matthews.paul@yahoo.com', '(0649) 0496706', '2021-11-17 07:56:56', '2021-11-17 07:56:56'),
(314, 'Kirsty', 'Hill', 4, 'sed', 'carlie.king@davis.biz', '0866569599', '2021-11-17 07:56:56', '2021-11-17 07:56:56'),
(315, 'Alan', 'Harris', 4, 'sed', 'harrison.daisy@hunter.biz', '+44(0)5770078562', '2021-11-17 07:56:56', '2021-11-17 07:56:56'),
(316, 'Will', 'Wilkinson', 4, 'sed', 'dpatel@hotmail.co.uk', '+44(0)305023264', '2021-11-17 07:56:56', '2021-11-17 07:56:56'),
(317, 'Sophie', 'Richardson', 4, 'sed', 'uwilliams@green.com', '(07624) 564830', '2021-11-17 07:56:56', '2021-11-17 07:56:56'),
(318, 'Rosie', 'Collins', 4, 'sed', 'ethan76@powell.com', '(00143) 848588', '2021-11-17 07:56:56', '2021-11-17 07:56:56'),
(319, 'Andy', 'Hall', 4, 'sed', 'joanne50@hotmail.co.uk', '(0173) 7293860', '2021-11-17 07:56:56', '2021-11-17 07:56:56'),
(320, 'Andrew', 'Patel', 4, 'sed', 'zach.khan@richardson.com', '07876346779', '2021-11-17 07:56:56', '2021-11-17 07:56:56'),
(321, 'Sofia', 'Taylor', 4, 'sed', 'arthur.rose@palmer.com', '+44(0)515615934', '2021-11-17 07:56:56', '2021-11-17 07:56:56'),
(322, 'Naomi', 'Williams', 4, 'sed', 'davis.isobel@hotmail.co.uk', '(09366) 759257', '2021-11-17 07:56:56', '2021-11-17 07:56:56'),
(323, 'Teagan', 'Young', 4, 'sed', 'sallen@hotmail.co.uk', '+44(0)195217261', '2021-11-17 07:56:56', '2021-11-17 07:56:56'),
(324, 'Phoebe', 'Moore', 4, 'sed', 'frose@young.com', '0089 195 6916', '2021-11-17 07:56:56', '2021-11-17 07:56:56'),
(325, 'Isobel', 'Carter', 4, 'sed', 'fred.bennett@hotmail.com', '+44(0)9844 72732', '2021-11-17 07:56:56', '2021-11-17 07:56:56'),
(326, 'Chelsea', 'Carter', 4, 'sed', 'fshaw@yahoo.co.uk', '0242 027 9815', '2021-11-17 07:56:56', '2021-11-17 07:56:56'),
(327, 'Arthur', 'Lewis', 4, 'sed', 'hunter.william@kelly.com', '+44(0)472491338', '2021-11-17 07:56:56', '2021-11-17 07:56:56'),
(328, 'Lindsay', 'Kennedy', 4, 'sed', 'elsie.hunter@carter.org', '+44(0)0059 056955', '2021-11-17 07:56:56', '2021-11-17 07:56:56'),
(329, 'Carmen', 'Davies', 4, 'sed', 'ellie.murray@ellis.info', '(00602) 407056', '2021-11-17 07:56:56', '2021-11-17 07:56:56'),
(330, 'Owen', 'Davies', 4, 'sed', 'zjones@powell.com', '0455 8402989', '2021-11-17 07:56:56', '2021-11-17 07:56:56'),
(331, 'Candice', 'Roberts', 4, 'sed', 'dale36@yahoo.co.uk', '(01224) 170332', '2021-11-17 07:56:56', '2021-11-17 07:56:56'),
(332, 'Olivia', 'Campbell', 4, 'sed', 'zpowell@morris.info', '0560 386 6661', '2021-11-17 07:56:56', '2021-11-17 07:56:56'),
(333, 'George', 'Graham', 4, 'sed', 'phillips.ben@wright.com', '(00442) 04231', '2021-11-17 07:56:56', '2021-11-17 07:56:56'),
(334, 'Erin', 'Stewart', 4, 'sed', 'barry.mason@hotmail.com', '0842 3025681', '2021-11-17 07:56:56', '2021-11-17 07:56:56'),
(335, 'Victoria', 'Watson', 4, 'sed', 'peter.griffiths@hall.com', '(0567) 3516339', '2021-11-17 07:56:56', '2021-11-17 07:56:56'),
(336, 'Aaron', 'Stewart', 4, 'sed', 'stefan36@morris.com', '+44(0)7880039638', '2021-11-17 07:56:56', '2021-11-17 07:56:56'),
(337, 'Adele', 'Watson', 4, 'sed', 'white.carlie@smith.com', '0291 1781053', '2021-11-17 07:56:56', '2021-11-17 07:56:56'),
(338, 'Arthur', 'Collins', 4, 'sed', 'jjohnson@owen.org', '0425 3116422', '2021-11-17 07:56:56', '2021-11-17 07:56:56'),
(339, 'James', 'Scott', 4, 'sed', 'hunt.mohammed@white.com', '00488 80243', '2021-11-17 07:56:56', '2021-11-17 07:56:56'),
(340, 'Harry', 'Campbell', 4, 'sed', 'greg.gray@yahoo.com', '06753 31325', '2021-11-17 07:56:56', '2021-11-17 07:56:56'),
(341, 'Ellie', 'Ward', 4, 'sed', 'martin.archie@gmail.com', '0466 6933334', '2021-11-17 07:56:56', '2021-11-17 07:56:56'),
(342, 'Megan', 'Rogers', 4, 'sed', 'lola63@anderson.com', '0334 2992252', '2021-11-17 07:56:56', '2021-11-17 07:56:56'),
(343, 'Archie', 'Wilson', 4, 'sed', 'callum02@yahoo.co.uk', '04057 87516', '2021-11-17 07:56:56', '2021-11-17 07:56:56'),
(344, 'Caitlin', 'Allen', 4, 'sed', 'naomi.price@king.co.uk', '(01041) 18247', '2021-11-17 07:56:56', '2021-11-17 07:56:56'),
(345, 'Samuel', 'Reynolds', 4, 'sed', 'richardson.james@yahoo.com', '00796369960', '2021-11-17 07:56:56', '2021-11-17 07:56:56'),
(346, 'Rowena', 'Carter', 4, 'sed', 'candice.owen@hotmail.co.uk', '(0966) 5073462', '2021-11-17 07:56:56', '2021-11-17 07:56:56'),
(347, 'Yvonne', 'Scott', 4, 'sed', 'holmes.pete@gmail.co.uk', '0015 4013631', '2021-11-17 07:56:56', '2021-11-17 07:56:56'),
(348, 'Barry', 'Robertson', 4, 'sed', 'bennett.finley@yahoo.com', '0827 1214675', '2021-11-17 07:56:56', '2021-11-17 07:56:56'),
(349, 'Heather', 'Reid', 4, 'sed', 'sean83@clarke.com', '0862 434 9626', '2021-11-17 07:56:56', '2021-11-17 07:56:56'),
(350, 'Alex', 'Simpson', 4, 'sed', 'gavin.scott@yahoo.co.uk', '+44(0)4899792159', '2021-11-17 07:56:56', '2021-11-17 07:56:56'),
(351, 'Oscar', 'Wilson', 4, 'sed', 'eva05@gmail.com', '02037431996', '2021-11-17 07:56:56', '2021-11-17 07:56:56'),
(352, 'Ryan', 'Campbell', 4, 'sed', 'collins.tyler@butler.net', '(0485) 376 6234', '2021-11-17 07:56:56', '2021-11-17 07:56:56'),
(353, 'Selina', 'Hughes', 4, 'sed', 'colin.simpson@clark.com', '08941 58989', '2021-11-17 07:56:56', '2021-11-17 07:56:56'),
(354, 'Daisy', 'Morgan', 4, 'sed', 'jayden.edwards@taylor.biz', '+44(0)0348 661591', '2021-11-17 07:56:56', '2021-11-17 07:56:56'),
(355, 'Oliver', 'Young', 4, 'sed', 'zachary.walker@marshall.com', '+44(0)6105 366794', '2021-11-17 07:56:56', '2021-11-17 07:56:56'),
(356, 'Ethan', 'Hill', 4, 'sed', 'cook.oliver@gmail.co.uk', '+44(0)1167 17220', '2021-11-17 07:56:56', '2021-11-17 07:56:56'),
(357, 'Ben', 'Stevens', 4, 'sed', 'anderson.zachary@gmail.co.uk', '0944 0453946', '2021-11-17 07:56:56', '2021-11-17 07:56:56'),
(358, 'Karen', 'Lewis', 4, 'sed', 'kyle.fox@cook.org', '09554 230059', '2021-11-17 07:56:56', '2021-11-17 07:56:56'),
(359, 'Gordon', 'Williams', 4, 'sed', 'evie.morgan@morris.net', '0073 621 7665', '2021-11-17 07:56:56', '2021-11-17 07:56:56'),
(360, 'Joanne', 'Robertson', 4, 'sed', 'zedwards@gmail.com', '0448 6760757', '2021-11-17 07:56:56', '2021-11-17 07:56:56'),
(361, 'Lilly', 'Simpson', 4, 'sed', 'hthomas@hotmail.com', '+44(0)2992178628', '2021-11-17 07:56:56', '2021-11-17 07:56:56'),
(362, 'Rebecca', 'Adams', 4, 'sed', 'bethany.adams@hotmail.co.uk', '0162461422', '2021-11-17 07:56:56', '2021-11-17 07:56:56'),
(363, 'Joe', 'Richardson', 4, 'sed', 'young.sophie@gmail.com', '0060 3940787', '2021-11-17 07:56:56', '2021-11-17 07:56:56'),
(364, 'Tracy', 'Murray', 4, 'sed', 'maria.baker@yahoo.com', '0421 539 0971', '2021-11-17 07:56:56', '2021-11-17 07:56:56'),
(365, 'Dan', 'Adams', 4, 'sed', 'parker.max@harrison.com', '+44(0)8865715787', '2021-11-17 07:56:56', '2021-11-17 07:56:56'),
(366, 'Evelyn', 'Wood', 4, 'sed', 'wilkinson.stefan@knight.biz', '0250 9580938', '2021-11-17 07:56:56', '2021-11-17 07:56:56'),
(367, 'Alison', 'Smith', 4, 'sed', 'kellis@gmail.com', '(0204) 3914839', '2021-11-17 07:56:56', '2021-11-17 07:56:56'),
(368, 'Michael', 'Wilson', 4, 'sed', 'aiden.rose@hotmail.com', '(08106) 22942', '2021-11-17 07:56:56', '2021-11-17 07:56:56'),
(369, 'Keeley', 'Cooper', 4, 'sed', 'price.stefan@graham.org', '0517 783 3995', '2021-11-17 07:56:56', '2021-11-17 07:56:56'),
(370, 'Candice', 'Thomas', 4, 'sed', 'wood.shannon@shaw.net', '0554 159 5393', '2021-11-17 07:56:56', '2021-11-17 07:56:56'),
(371, 'Lindsay', 'Butler', 4, 'sed', 'areid@yahoo.com', '+44(0)6987 724006', '2021-11-17 07:56:56', '2021-11-17 07:56:56'),
(372, 'Matthew', 'Watson', 4, 'sed', 'lucas77@gmail.co.uk', '+44(0)764626774', '2021-11-17 07:56:56', '2021-11-17 07:56:56'),
(373, 'Callum', 'Brown', 4, 'sed', 'henry59@stevens.org', '(04399) 97660', '2021-11-17 07:56:56', '2021-11-17 07:56:56'),
(374, 'Teagan', 'Stevens', 4, 'sed', 'poppy13@taylor.info', '+44(0)391744738', '2021-11-17 07:56:56', '2021-11-17 07:56:56'),
(375, 'Lisa', 'Fox', 4, 'sed', 'adrian23@cooper.com', '(04190) 975918', '2021-11-17 07:56:56', '2021-11-17 07:56:56'),
(376, 'Nick', 'Ross', 4, 'sed', 'andrew.russell@hotmail.com', '(06212) 206395', '2021-11-17 07:56:56', '2021-11-17 07:56:56'),
(377, 'Ellie', 'White', 4, 'sed', 'olivia.collins@owen.co.uk', '(02720) 627935', '2021-11-17 07:56:56', '2021-11-17 07:56:56'),
(378, 'Benjamin', 'Ross', 4, 'sed', 'jackson.jonathan@gmail.com', '03819686781', '2021-11-17 07:56:56', '2021-11-17 07:56:56'),
(379, 'Rob', 'Matthews', 4, 'sed', 'stewart.alex@yahoo.com', '0076 5174960', '2021-11-17 07:56:56', '2021-11-17 07:56:56'),
(380, 'Jeremy', 'Murray', 4, 'sed', 'walsh.grant@chapman.org', '+44(0)9576 266244', '2021-11-17 07:56:56', '2021-11-17 07:56:56'),
(381, 'Paul', 'Davies', 4, 'sed', 'palmer.amanda@hotmail.com', '(0873) 206 7387', '2021-11-17 07:56:56', '2021-11-17 07:56:56'),
(382, 'Frank', 'Roberts', 4, 'sed', 'daisy.russell@hotmail.co.uk', '(0520) 8153840', '2021-11-17 07:56:56', '2021-11-17 07:56:56'),
(383, 'Alice', 'Robertson', 4, 'sed', 'duncan68@butler.com', '08938 79873', '2021-11-17 07:56:56', '2021-11-17 07:56:56'),
(384, 'Bradley', 'Watson', 4, 'sed', 'john.kelly@phillips.com', '(0948) 6719723', '2021-11-17 07:56:56', '2021-11-17 07:56:56'),
(385, 'Dean', 'Taylor', 4, 'sed', 'clark.elsie@wright.com', '(0642) 6041411', '2021-11-17 07:56:56', '2021-11-17 07:56:56'),
(386, 'Lexi', 'Turner', 4, 'sed', 'hward@hotmail.co.uk', '+44(0)2425158913', '2021-11-17 07:56:56', '2021-11-17 07:56:56'),
(387, 'Jamie', 'Kelly', 4, 'sed', 'chris.martin@yahoo.co.uk', '+44(0)6965 44196', '2021-11-17 07:56:56', '2021-11-17 07:56:56'),
(388, 'Scott', 'Collins', 4, 'sed', 'lee.alexander@evans.com', '(0385) 176 0362', '2021-11-17 07:56:56', '2021-11-17 07:56:56'),
(389, 'Scott', 'Chapman', 4, 'sed', 'pharris@kennedy.com', '0907 3650448', '2021-11-17 07:56:56', '2021-11-17 07:56:56'),
(390, 'Sophia', 'Clark', 4, 'sed', 'davis.maisie@yahoo.com', '(0981) 5382247', '2021-11-17 07:56:56', '2021-11-17 07:56:56'),
(391, 'Frank', 'Fox', 4, 'sed', 'elsie09@wright.com', '+44(0)2631566464', '2021-11-17 07:56:56', '2021-11-17 07:56:56'),
(392, 'Anna', 'Allen', 4, 'sed', 'thompson.jane@hotmail.co.uk', '(0767) 364 8208', '2021-11-17 07:56:56', '2021-11-17 07:56:56'),
(393, 'Eileen', 'Harrison', 4, 'sed', 'donna.rogers@yahoo.co.uk', '(03231) 589700', '2021-11-17 07:56:56', '2021-11-17 07:56:56');
INSERT INTO `employees` (`id`, `first_name`, `last_name`, `company_id`, `company`, `email`, `phone_number`, `created_at`, `updated_at`) VALUES
(394, 'Julia', 'Davies', 4, 'sed', 'scarlett.cox@yahoo.co.uk', '+44(0)4360 666344', '2021-11-17 07:56:56', '2021-11-17 07:56:56'),
(395, 'James', 'King', 4, 'sed', 'ethan11@rose.com', '00668151768', '2021-11-17 07:56:56', '2021-11-17 07:56:56'),
(396, 'Sabrina', 'Edwards', 4, 'sed', 'faye31@matthews.com', '+44(0)7197 025750', '2021-11-17 07:56:56', '2021-11-17 07:56:56'),
(397, 'Sabrina', 'Hughes', 4, 'sed', 'lee58@ross.net', '0668 5525696', '2021-11-17 07:56:56', '2021-11-17 07:56:56'),
(398, 'Rowena', 'Reid', 4, 'sed', 'donna44@wilkinson.org', '0679 319 6817', '2021-11-17 07:56:56', '2021-11-17 07:56:56'),
(399, 'Gordon', 'Saunders', 4, 'sed', 'king.riley@hall.biz', '(0386) 969 4064', '2021-11-17 07:56:56', '2021-11-17 07:56:56'),
(400, 'Kyle', 'Adams', 4, 'sed', 'jeremy.morris@lewis.com', '+44(0)7340 02872', '2021-11-17 07:56:56', '2021-11-17 07:56:56'),
(401, 'Isabel', 'Stewart', 5, 'quasi', 'joe.adams@hotmail.com', '+44(0)3352 909606', '2021-11-17 07:56:56', '2021-11-17 07:56:56'),
(402, 'Rob', 'Thomas', 5, 'quasi', 'ywood@hotmail.com', '(0742) 9978314', '2021-11-17 07:56:56', '2021-11-17 07:56:56'),
(403, 'Fred', 'King', 5, 'quasi', 'eward@robertson.com', '0604403178', '2021-11-17 07:56:56', '2021-11-17 07:56:56'),
(404, 'Anthony', 'Morgan', 5, 'quasi', 'liam53@gmail.com', '0532343555', '2021-11-17 07:56:56', '2021-11-17 07:56:56'),
(405, 'Oliver', 'Palmer', 5, 'quasi', 'qmartin@ward.com', '(0992) 993 2391', '2021-11-17 07:56:56', '2021-11-17 07:56:56'),
(406, 'Will', 'Saunders', 5, 'quasi', 'ross.leanne@miller.biz', '+44(0)7363141850', '2021-11-17 07:56:56', '2021-11-17 07:56:56'),
(407, 'Donna', 'Reynolds', 5, 'quasi', 'teagan.hughes@griffiths.net', '+44(0)2874452949', '2021-11-17 07:56:56', '2021-11-17 07:56:56'),
(408, 'Christian', 'Rogers', 5, 'quasi', 'trobinson@patel.co.uk', '+44(0)4046920823', '2021-11-17 07:56:56', '2021-11-17 07:56:56'),
(409, 'Neil', 'Lloyd', 5, 'quasi', 'megan.king@martin.biz', '0431178752', '2021-11-17 07:56:56', '2021-11-17 07:56:56'),
(410, 'Jade', 'Mitchell', 5, 'quasi', 'hunter.molly@walker.com', '(03722) 93286', '2021-11-17 07:56:56', '2021-11-17 07:56:56'),
(411, 'Keeley', 'Davies', 5, 'quasi', 'ywatson@scott.com', '(09768) 390514', '2021-11-17 07:56:56', '2021-11-17 07:56:56'),
(412, 'Megan', 'Martin', 5, 'quasi', 'walker.charlotte@hotmail.com', '(0200) 5304229', '2021-11-17 07:56:56', '2021-11-17 07:56:56'),
(413, 'Kelly', 'Butler', 5, 'quasi', 'watson.bruce@hotmail.com', '0369 1162610', '2021-11-17 07:56:56', '2021-11-17 07:56:56'),
(414, 'Kieran', 'King', 5, 'quasi', 'imogen10@hotmail.com', '0168926834', '2021-11-17 07:56:56', '2021-11-17 07:56:56'),
(415, 'Owen', 'Martin', 5, 'quasi', 'cmitchell@hotmail.com', '(0841) 6758645', '2021-11-17 07:56:56', '2021-11-17 07:56:56'),
(416, 'Donna', 'Wilson', 5, 'quasi', 'areid@robertson.info', '0139 7599316', '2021-11-17 07:56:56', '2021-11-17 07:56:56'),
(417, 'Jodie', 'Martin', 5, 'quasi', 'obennett@gmail.co.uk', '07513958372', '2021-11-17 07:56:56', '2021-11-17 07:56:56'),
(418, 'Logan', 'White', 5, 'quasi', 'acook@gmail.com', '+44(0)665786944', '2021-11-17 07:56:56', '2021-11-17 07:56:56'),
(419, 'Theresa', 'Bennett', 5, 'quasi', 'morgan.liam@yahoo.co.uk', '(03604) 22977', '2021-11-17 07:56:56', '2021-11-17 07:56:56'),
(420, 'Kevin', 'Powell', 5, 'quasi', 'dlewis@murphy.co.uk', '+44(0)3488968736', '2021-11-17 07:56:56', '2021-11-17 07:56:56'),
(421, 'Francesca', 'Harris', 5, 'quasi', 'fyoung@cook.com', '05644 577407', '2021-11-17 07:56:56', '2021-11-17 07:56:56'),
(422, 'Chelsea', 'Morris', 5, 'quasi', 'ithomas@allen.com', '0062 508 3069', '2021-11-17 07:56:56', '2021-11-17 07:56:56'),
(423, 'Thomas', 'Lewis', 5, 'quasi', 'kelly.cameron@chapman.com', '(06863) 99745', '2021-11-17 07:56:56', '2021-11-17 07:56:56'),
(424, 'Peter', 'Price', 5, 'quasi', 'gary02@wright.com', '05769 31543', '2021-11-17 07:56:56', '2021-11-17 07:56:56'),
(425, 'Archie', 'Walsh', 5, 'quasi', 'sreynolds@hotmail.co.uk', '+44(0)2404709584', '2021-11-17 07:56:56', '2021-11-17 07:56:56'),
(426, 'Teagan', 'Anderson', 5, 'quasi', 'harvey69@cooper.biz', '0730 535 3002', '2021-11-17 07:56:56', '2021-11-17 07:56:56'),
(427, 'Theresa', 'Powell', 5, 'quasi', 'lee.morgan@morgan.com', '+44(0)773452722', '2021-11-17 07:56:56', '2021-11-17 07:56:56'),
(428, 'Lexi', 'Reid', 5, 'quasi', 'wilkinson.lee@gmail.co.uk', '(0825) 4770368', '2021-11-17 07:56:56', '2021-11-17 07:56:56'),
(429, 'Gary', 'Shaw', 5, 'quasi', 'fhunt@hotmail.com', '(0327) 1634562', '2021-11-17 07:56:56', '2021-11-17 07:56:56'),
(430, 'Scott', 'Brown', 5, 'quasi', 'naomi49@bell.com', '07754 913049', '2021-11-17 07:56:56', '2021-11-17 07:56:56'),
(431, 'Keeley', 'Turner', 5, 'quasi', 'gordon48@king.org', '(0826) 480 0325', '2021-11-17 07:56:56', '2021-11-17 07:56:56'),
(432, 'Elsie', 'Williams', 5, 'quasi', 'martin.rob@yahoo.co.uk', '03304879164', '2021-11-17 07:56:56', '2021-11-17 07:56:56'),
(433, 'Ross', 'Adams', 5, 'quasi', 'cameron.brown@chapman.com', '00784724931', '2021-11-17 07:56:56', '2021-11-17 07:56:56'),
(434, 'Paul', 'Richardson', 5, 'quasi', 'fmason@harris.com', '06958 792697', '2021-11-17 07:56:56', '2021-11-17 07:56:56'),
(435, 'Amelia', 'Reynolds', 5, 'quasi', 'baker.harvey@gmail.co.uk', '07160572136', '2021-11-17 07:56:56', '2021-11-17 07:56:56'),
(436, 'Lilly', 'Cox', 5, 'quasi', 'colin.hughes@stewart.com', '(09429) 196127', '2021-11-17 07:56:56', '2021-11-17 07:56:56'),
(437, 'Max', 'Taylor', 5, 'quasi', 'saunders.daisy@gmail.com', '0805831071', '2021-11-17 07:56:56', '2021-11-17 07:56:56'),
(438, 'Sabrina', 'Mason', 5, 'quasi', 'gcook@phillips.com', '0338563510', '2021-11-17 07:56:56', '2021-11-17 07:56:56'),
(439, 'Jim', 'Mason', 5, 'quasi', 'hall.jim@yahoo.co.uk', '02601 717367', '2021-11-17 07:56:56', '2021-11-17 07:56:56'),
(440, 'Nick', 'White', 5, 'quasi', 'andrew.bennett@bell.com', '0098475712', '2021-11-17 07:56:56', '2021-11-17 07:56:56'),
(441, 'Summer', 'Thompson', 5, 'quasi', 'dave27@gmail.com', '0520 3818575', '2021-11-17 07:56:56', '2021-11-17 07:56:56'),
(442, 'Lexi', 'Carter', 5, 'quasi', 'wright.ava@hotmail.co.uk', '+44(0)9894 708751', '2021-11-17 07:56:56', '2021-11-17 07:56:56'),
(443, 'Mark', 'Robinson', 5, 'quasi', 'ibailey@shaw.co.uk', '+44(0)1626797770', '2021-11-17 07:56:56', '2021-11-17 07:56:56'),
(444, 'Natasha', 'Robinson', 5, 'quasi', 'dwilkinson@hotmail.com', '(09372) 01351', '2021-11-17 07:56:56', '2021-11-17 07:56:56'),
(445, 'Claire', 'Green', 5, 'quasi', 'kirsty.walker@hotmail.co.uk', '01395 702055', '2021-11-17 07:56:56', '2021-11-17 07:56:56'),
(446, 'Jamie', 'Kennedy', 5, 'quasi', 'candice.roberts@yahoo.co.uk', '0361 447 6456', '2021-11-17 07:56:56', '2021-11-17 07:56:56'),
(447, 'Harvey', 'Kelly', 5, 'quasi', 'cmorgan@knight.com', '(07642) 898676', '2021-11-17 07:56:56', '2021-11-17 07:56:56'),
(448, 'Ruth', 'Green', 5, 'quasi', 'jack46@jones.com', '+44(0)8812885446', '2021-11-17 07:56:56', '2021-11-17 07:56:56'),
(449, 'Leo', 'Edwards', 5, 'quasi', 'zreynolds@gray.com', '+44(0)8622 53733', '2021-11-17 07:56:56', '2021-11-17 07:56:56'),
(450, 'Amber', 'Knight', 5, 'quasi', 'eden17@hotmail.co.uk', '0365181057', '2021-11-17 07:56:56', '2021-11-17 07:56:56'),
(451, 'Zachary', 'Bailey', 5, 'quasi', 'butler.candice@gmail.co.uk', '(04786) 68444', '2021-11-17 07:56:56', '2021-11-17 07:56:56'),
(452, 'Danielle', 'Marshall', 5, 'quasi', 'riley.russell@brown.com', '0837 718 6234', '2021-11-17 07:56:56', '2021-11-17 07:56:56'),
(453, 'Fred', 'Moore', 5, 'quasi', 'kchapman@yahoo.com', '(08112) 59927', '2021-11-17 07:56:56', '2021-11-17 07:56:56'),
(454, 'Kieran', 'Matthews', 5, 'quasi', 'freddie06@gmail.com', '0543 620 2196', '2021-11-17 07:56:56', '2021-11-17 07:56:56'),
(455, 'Patricia', 'Davies', 5, 'quasi', 'oliver.davis@hotmail.co.uk', '(08748) 083964', '2021-11-17 07:56:56', '2021-11-17 07:56:56'),
(456, 'Carmen', 'Robinson', 5, 'quasi', 'michael.thomas@harris.biz', '0425 9940293', '2021-11-17 07:56:56', '2021-11-17 07:56:56'),
(457, 'Nikki', 'Mitchell', 5, 'quasi', 'evie.davis@yahoo.co.uk', '+44(0)3784 440594', '2021-11-17 07:56:56', '2021-11-17 07:56:56'),
(458, 'Martin', 'Stevens', 5, 'quasi', 'carlie67@yahoo.co.uk', '0747584651', '2021-11-17 07:56:56', '2021-11-17 07:56:56'),
(459, 'Phoebe', 'Marshall', 5, 'quasi', 'kshaw@hotmail.co.uk', '03699774868', '2021-11-17 07:56:56', '2021-11-17 07:56:56'),
(460, 'Nicole', 'Murray', 5, 'quasi', 'leo86@yahoo.com', '+44(0)3280433399', '2021-11-17 07:56:56', '2021-11-17 07:56:56'),
(461, 'Julia', 'Richards', 5, 'quasi', 'walsh.nick@cox.co.uk', '03796450183', '2021-11-17 07:56:56', '2021-11-17 07:56:56'),
(462, 'Julie', 'Bailey', 5, 'quasi', 'simpson.archie@ross.co.uk', '02645159508', '2021-11-17 07:56:56', '2021-11-17 07:56:56'),
(463, 'Tom', 'Taylor', 5, 'quasi', 'toby.bennett@yahoo.co.uk', '06748 106123', '2021-11-17 07:56:56', '2021-11-17 07:56:56'),
(464, 'Sienna', 'Wright', 5, 'quasi', 'charlie31@parker.com', '0268177739', '2021-11-17 07:56:56', '2021-11-17 07:56:56'),
(465, 'Carmen', 'Fox', 5, 'quasi', 'tpowell@yahoo.com', '(0892) 594 0721', '2021-11-17 07:56:56', '2021-11-17 07:56:56'),
(466, 'Zoe', 'Hunt', 5, 'quasi', 'davies.finley@gmail.com', '0084 539 0124', '2021-11-17 07:56:56', '2021-11-17 07:56:56'),
(467, 'Callum', 'Turner', 5, 'quasi', 'dhughes@powell.com', '(06690) 670525', '2021-11-17 07:56:56', '2021-11-17 07:56:56'),
(468, 'Logan', 'Murphy', 5, 'quasi', 'yward@ellis.info', '+44(0)304355813', '2021-11-17 07:56:56', '2021-11-17 07:56:56'),
(469, 'Stefan', 'Allen', 5, 'quasi', 'orobinson@lewis.org', '+44(0)7207 313693', '2021-11-17 07:56:56', '2021-11-17 07:56:56'),
(470, 'Graham', 'Murphy', 5, 'quasi', 'zmoore@robinson.org', '07832 55151', '2021-11-17 07:56:56', '2021-11-17 07:56:56'),
(471, 'Melissa', 'Clarke', 5, 'quasi', 'anthony37@hotmail.co.uk', '(03032) 30099', '2021-11-17 07:56:56', '2021-11-17 07:56:56'),
(472, 'Jacob', 'Rose', 5, 'quasi', 'thompson.dennis@hotmail.com', '+44(0)9004 04687', '2021-11-17 07:56:56', '2021-11-17 07:56:56'),
(473, 'Luke', 'Bailey', 5, 'quasi', 'melissa.harrison@yahoo.com', '(03271) 349016', '2021-11-17 07:56:56', '2021-11-17 07:56:56'),
(474, 'Dennis', 'Phillips', 5, 'quasi', 'elliot.powell@hotmail.com', '(00542) 17129', '2021-11-17 07:56:56', '2021-11-17 07:56:56'),
(475, 'Amelia', 'Bell', 5, 'quasi', 'ross.christian@hotmail.com', '(0315) 675 5152', '2021-11-17 07:56:56', '2021-11-17 07:56:56'),
(476, 'Ruth', 'Scott', 5, 'quasi', 'kelly.steve@hotmail.co.uk', '0109 485 0689', '2021-11-17 07:56:56', '2021-11-17 07:56:56'),
(477, 'Nicole', 'Murphy', 5, 'quasi', 'karlie53@gmail.co.uk', '(0853) 551 5923', '2021-11-17 07:56:56', '2021-11-17 07:56:56'),
(478, 'Benjamin', 'Jones', 5, 'quasi', 'campbell.maria@ward.com', '0534 762 1378', '2021-11-17 07:56:56', '2021-11-17 07:56:56'),
(479, 'Natalie', 'Robertson', 5, 'quasi', 'bennett.will@yahoo.co.uk', '03998 36223', '2021-11-17 07:56:56', '2021-11-17 07:56:56'),
(480, 'Tara', 'Chapman', 5, 'quasi', 'thompson.stefan@rose.com', '+44(0)1968429482', '2021-11-17 07:56:56', '2021-11-17 07:56:56'),
(481, 'Kirsty', 'Campbell', 5, 'quasi', 'illoyd@graham.com', '(0643) 411 3347', '2021-11-17 07:56:56', '2021-11-17 07:56:56'),
(482, 'Edward', 'James', 5, 'quasi', 'jeremy.davis@owen.net', '0214 7812707', '2021-11-17 07:56:56', '2021-11-17 07:56:56'),
(483, 'Steve', 'Reynolds', 5, 'quasi', 'christopher35@yahoo.co.uk', '0483826132', '2021-11-17 07:56:56', '2021-11-17 07:56:56'),
(484, 'Jordan', 'Clarke', 5, 'quasi', 'sally.young@cooper.com', '03184 44583', '2021-11-17 07:56:56', '2021-11-17 07:56:56'),
(485, 'Gordon', 'Roberts', 5, 'quasi', 'melissa.jones@yahoo.com', '0102898437', '2021-11-17 07:56:56', '2021-11-17 07:56:56'),
(486, 'Darren', 'Graham', 5, 'quasi', 'sebastian.cox@white.biz', '+44(0)1676769262', '2021-11-17 07:56:56', '2021-11-17 07:56:56'),
(487, 'Victoria', 'Evans', 5, 'quasi', 'harrison.darren@gmail.co.uk', '08455443982', '2021-11-17 07:56:56', '2021-11-17 07:56:56'),
(488, 'Colin', 'Hill', 5, 'quasi', 'amber.robinson@saunders.co.uk', '(0183) 022 9796', '2021-11-17 07:56:56', '2021-11-17 07:56:56'),
(489, 'Edward', 'Rose', 5, 'quasi', 'gray.scott@hotmail.com', '0689 765 2337', '2021-11-17 07:56:56', '2021-11-17 07:56:56'),
(490, 'Lindsay', 'Stevens', 5, 'quasi', 'pwood@young.com', '02556 23235', '2021-11-17 07:56:56', '2021-11-17 07:56:56'),
(491, 'Michael', 'Turner', 5, 'quasi', 'mthomas@wood.com', '(06750) 63625', '2021-11-17 07:56:56', '2021-11-17 07:56:56'),
(492, 'Harry', 'Phillips', 5, 'quasi', 'erin.hunt@gmail.co.uk', '+44(0)3006 07020', '2021-11-17 07:56:56', '2021-11-17 07:56:56'),
(493, 'Harrison', 'Davies', 5, 'quasi', 'xparker@yahoo.com', '+44(0)9520813304', '2021-11-17 07:56:56', '2021-11-17 07:56:56'),
(494, 'Vicky', 'Lewis', 5, 'quasi', 'greg.wilkinson@mason.biz', '+44(0)3417 601415', '2021-11-17 07:56:56', '2021-11-17 07:56:56'),
(495, 'Justine', 'Roberts', 5, 'quasi', 'kirsty.scott@hotmail.co.uk', '+44(0)2765 969219', '2021-11-17 07:56:56', '2021-11-17 07:56:56'),
(496, 'Rachel', 'Brown', 5, 'quasi', 'ishaw@griffiths.info', '(0602) 9702415', '2021-11-17 07:56:56', '2021-11-17 07:56:56'),
(497, 'Bradley', 'Edwards', 5, 'quasi', 'otaylor@gmail.co.uk', '(0876) 082 9696', '2021-11-17 07:56:56', '2021-11-17 07:56:56'),
(498, 'Eva', 'Saunders', 5, 'quasi', 'candice14@smith.net', '(02348) 36639', '2021-11-17 07:56:56', '2021-11-17 07:56:56'),
(499, 'Quentin', 'Green', 5, 'quasi', 'callum37@roberts.com', '(0736) 1023512', '2021-11-17 07:56:56', '2021-11-17 07:56:56'),
(500, 'Frank', 'Bell', 5, 'quasi', 'rob19@martin.com', '(0721) 6159742', '2021-11-17 07:56:56', '2021-11-17 07:56:56'),
(501, 'Georgia', 'White', 6, 'magni', 'james.eleanor@yahoo.co.uk', '(0744) 2536467', '2021-11-17 07:56:56', '2021-11-17 07:56:56'),
(502, 'Alex', 'Cooper', 6, 'magni', 'barry32@walker.com', '(0711) 7794828', '2021-11-17 07:56:56', '2021-11-17 07:56:56'),
(503, 'Linda', 'Brown', 6, 'magni', 'stewart.graham@yahoo.co.uk', '02065 932950', '2021-11-17 07:56:56', '2021-11-17 07:56:56'),
(504, 'Leah', 'Holmes', 6, 'magni', 'srussell@yahoo.com', '00786 351666', '2021-11-17 07:56:56', '2021-11-17 07:56:56'),
(505, 'Kyle', 'Green', 6, 'magni', 'bgriffiths@taylor.com', '(0465) 930 3522', '2021-11-17 07:56:56', '2021-11-17 07:56:56'),
(506, 'Chelsea', 'Baker', 6, 'magni', 'qhughes@marshall.com', '01910 494828', '2021-11-17 07:56:56', '2021-11-17 07:56:56'),
(507, 'Joel', 'Graham', 6, 'magni', 'allen.mia@wright.com', '+44(0)2646719553', '2021-11-17 07:56:56', '2021-11-17 07:56:56'),
(508, 'Luke', 'Mason', 6, 'magni', 'xchapman@wood.com', '(0087) 0089036', '2021-11-17 07:56:56', '2021-11-17 07:56:56'),
(509, 'Harvey', 'Matthews', 6, 'magni', 'davies.charles@marshall.net', '06525143169', '2021-11-17 07:56:56', '2021-11-17 07:56:56'),
(510, 'Jonathan', 'Turner', 6, 'magni', 'muhammad.hughes@gmail.co.uk', '(0468) 7301922', '2021-11-17 07:56:56', '2021-11-17 07:56:56'),
(511, 'Isobel', 'Smith', 6, 'magni', 'rebecca78@morgan.net', '(0039) 231 1377', '2021-11-17 07:56:56', '2021-11-17 07:56:56'),
(512, 'Stephanie', 'Walsh', 6, 'magni', 'matthews.mike@rose.com', '+44(0)596857391', '2021-11-17 07:56:56', '2021-11-17 07:56:56'),
(513, 'Bethany', 'Jackson', 6, 'magni', 'nellis@gmail.co.uk', '06753 716398', '2021-11-17 07:56:56', '2021-11-17 07:56:56'),
(514, 'Sonia', 'Thomas', 6, 'magni', 'sscott@gmail.com', '0588122192', '2021-11-17 07:56:56', '2021-11-17 07:56:56'),
(515, 'Carole', 'Robertson', 6, 'magni', 'millie57@marshall.co.uk', '0174789318', '2021-11-17 07:56:56', '2021-11-17 07:56:56'),
(516, 'Martin', 'Marshall', 6, 'magni', 'stephanie.walsh@graham.com', '(00699) 723109', '2021-11-17 07:56:56', '2021-11-17 07:56:56'),
(517, 'Reece', 'Davis', 6, 'magni', 'kelly.rowena@yahoo.co.uk', '(0837) 3700333', '2021-11-17 07:56:56', '2021-11-17 07:56:56'),
(518, 'Alison', 'Griffiths', 6, 'magni', 'ukhan@ross.com', '(0496) 792 2368', '2021-11-17 07:56:56', '2021-11-17 07:56:56'),
(519, 'Finley', 'Russell', 6, 'magni', 'amelia.hughes@gmail.co.uk', '(0588) 175 0713', '2021-11-17 07:56:56', '2021-11-17 07:56:56'),
(520, 'Callum', 'Clark', 6, 'magni', 'morgan.charlie@gmail.co.uk', '(0863) 9662216', '2021-11-17 07:56:56', '2021-11-17 07:56:56'),
(521, 'Summer', 'Lee', 6, 'magni', 'moore.tina@hotmail.com', '(0562) 1310631', '2021-11-17 07:56:56', '2021-11-17 07:56:56'),
(522, 'Chloe', 'Moore', 6, 'magni', 'zach37@yahoo.com', '(0437) 5600708', '2021-11-17 07:56:56', '2021-11-17 07:56:56'),
(523, 'Patricia', 'Watson', 6, 'magni', 'ethan.price@johnson.biz', '0336 447 2108', '2021-11-17 07:56:56', '2021-11-17 07:56:56'),
(524, 'Naomi', 'Walsh', 6, 'magni', 'joe.young@anderson.co.uk', '08991 83555', '2021-11-17 07:56:56', '2021-11-17 07:56:56'),
(525, 'Abigail', 'Matthews', 6, 'magni', 'candice.bailey@kelly.com', '+44(0)1365978175', '2021-11-17 07:56:56', '2021-11-17 07:56:56'),
(526, 'Francesca', 'Young', 6, 'magni', 'bruce.morris@yahoo.com', '+44(0)7373 773308', '2021-11-17 07:56:56', '2021-11-17 07:56:56'),
(527, 'Tyler', 'Baker', 6, 'magni', 'bmurphy@robinson.com', '08146 365162', '2021-11-17 07:56:56', '2021-11-17 07:56:56'),
(528, 'Sasha', 'Stevens', 6, 'magni', 'mohammed.evans@richardson.com', '05298 781376', '2021-11-17 07:56:56', '2021-11-17 07:56:56'),
(529, 'Erin', 'Bell', 6, 'magni', 'abigail.scott@stevens.com', '(0860) 302 6899', '2021-11-17 07:56:56', '2021-11-17 07:56:56'),
(530, 'Holly', 'Cox', 6, 'magni', 'owen.arthur@harris.com', '03796 484584', '2021-11-17 07:56:56', '2021-11-17 07:56:56'),
(531, 'Emma', 'Parker', 6, 'magni', 'jordan.patel@gmail.co.uk', '(0291) 869 2274', '2021-11-17 07:56:56', '2021-11-17 07:56:56'),
(532, 'Lola', 'Murphy', 6, 'magni', 'rross@jackson.com', '07494 424426', '2021-11-17 07:56:56', '2021-11-17 07:56:56'),
(533, 'Jane', 'Collins', 6, 'magni', 'elizabeth.stewart@cooper.com', '(0779) 915 1198', '2021-11-17 07:56:56', '2021-11-17 07:56:56'),
(534, 'Charles', 'Allen', 6, 'magni', 'dennis.griffiths@robertson.com', '(01866) 167784', '2021-11-17 07:56:56', '2021-11-17 07:56:56'),
(535, 'Frank', 'Hall', 6, 'magni', 'khan.chloe@young.com', '04882 416024', '2021-11-17 07:56:56', '2021-11-17 07:56:56'),
(536, 'Leanne', 'Robinson', 6, 'magni', 'ian22@hill.info', '+44(0)6869121231', '2021-11-17 07:56:56', '2021-11-17 07:56:56'),
(537, 'Ashley', 'Morgan', 6, 'magni', 'fred.davies@simpson.com', '0568 9441109', '2021-11-17 07:56:56', '2021-11-17 07:56:56'),
(538, 'Abbie', 'Miller', 6, 'magni', 'murray.gary@hotmail.com', '(0600) 8155913', '2021-11-17 07:56:56', '2021-11-17 07:56:56'),
(539, 'Steve', 'Adams', 6, 'magni', 'mark.wright@morris.com', '0752375590', '2021-11-17 07:56:56', '2021-11-17 07:56:56'),
(540, 'Yasmine', 'Graham', 6, 'magni', 'heather.simpson@gmail.co.uk', '+44(0)8912780685', '2021-11-17 07:56:56', '2021-11-17 07:56:56'),
(541, 'Hollie', 'Chapman', 6, 'magni', 'price.gavin@fox.org', '(09176) 89765', '2021-11-17 07:56:56', '2021-11-17 07:56:56'),
(542, 'Charlie', 'Evans', 6, 'magni', 'adele64@roberts.org', '04714823428', '2021-11-17 07:56:56', '2021-11-17 07:56:56'),
(543, 'Alison', 'Owen', 6, 'magni', 'butler.mike@hotmail.com', '(03225) 971940', '2021-11-17 07:56:56', '2021-11-17 07:56:56'),
(544, 'Matthew', 'Harris', 6, 'magni', 'muhammad82@gmail.com', '(0904) 8713433', '2021-11-17 07:56:56', '2021-11-17 07:56:56'),
(545, 'Ross', 'Price', 6, 'magni', 'dsmith@smith.com', '+44(0)1504 52772', '2021-11-17 07:56:56', '2021-11-17 07:56:56'),
(546, 'Lily', 'Lewis', 6, 'magni', 'james11@yahoo.co.uk', '(09219) 862939', '2021-11-17 07:56:56', '2021-11-17 07:56:56'),
(547, 'Justine', 'Rogers', 6, 'magni', 'osmith@yahoo.co.uk', '+44(0)7947 11477', '2021-11-17 07:56:56', '2021-11-17 07:56:56'),
(548, 'Daisy', 'Anderson', 6, 'magni', 'taylor.evelyn@hotmail.co.uk', '+44(0)3629 928835', '2021-11-17 07:56:56', '2021-11-17 07:56:56'),
(549, 'Quentin', 'Hall', 6, 'magni', 'aharris@taylor.com', '09475 79278', '2021-11-17 07:56:56', '2021-11-17 07:56:56'),
(550, 'Zachary', 'Hughes', 6, 'magni', 'wilson.kimberly@hughes.net', '(01457) 423316', '2021-11-17 07:56:56', '2021-11-17 07:56:56'),
(551, 'Kyle', 'Robertson', 6, 'magni', 'selina.cook@gmail.co.uk', '+44(0)8275 25474', '2021-11-17 07:56:56', '2021-11-17 07:56:56'),
(552, 'Imogen', 'Edwards', 6, 'magni', 'jodie.green@ellis.com', '03414584328', '2021-11-17 07:56:56', '2021-11-17 07:56:56'),
(553, 'Michael', 'Murray', 6, 'magni', 'morris.sebastian@hotmail.co.uk', '06417 104438', '2021-11-17 07:56:56', '2021-11-17 07:56:56'),
(554, 'Adele', 'Rogers', 6, 'magni', 'iwilliams@bennett.com', '(0349) 147 3419', '2021-11-17 07:56:56', '2021-11-17 07:56:56'),
(555, 'Edward', 'Thomas', 6, 'magni', 'abbie.morris@gmail.com', '+44(0)9924 67968', '2021-11-17 07:56:56', '2021-11-17 07:56:56'),
(556, 'Candice', 'Hunter', 6, 'magni', 'hsimpson@yahoo.com', '03006 069930', '2021-11-17 07:56:56', '2021-11-17 07:56:56'),
(557, 'John', 'Simpson', 6, 'magni', 'kieran.rogers@adams.com', '+44(0)5106 26727', '2021-11-17 07:56:56', '2021-11-17 07:56:56'),
(558, 'Eden', 'Ward', 6, 'magni', 'aholmes@hotmail.co.uk', '04879404953', '2021-11-17 07:56:56', '2021-11-17 07:56:56'),
(559, 'Francesca', 'Moore', 6, 'magni', 'moore.zachary@cooper.com', '+44(0)0395061572', '2021-11-17 07:56:56', '2021-11-17 07:56:56'),
(560, 'Edward', 'Bennett', 6, 'magni', 'lola.campbell@brown.org', '(09862) 300992', '2021-11-17 07:56:56', '2021-11-17 07:56:56'),
(561, 'Karlie', 'Price', 6, 'magni', 'stevens.molly@hall.info', '+44(0)6165 23753', '2021-11-17 07:56:56', '2021-11-17 07:56:56'),
(562, 'Dean', 'Miller', 6, 'magni', 'kelly.layla@campbell.com', '0887362359', '2021-11-17 07:56:56', '2021-11-17 07:56:56'),
(563, 'Jeremy', 'Kennedy', 6, 'magni', 'carole.edwards@hotmail.co.uk', '(09346) 330277', '2021-11-17 07:56:56', '2021-11-17 07:56:56'),
(564, 'Stephanie', 'Phillips', 6, 'magni', 'sienna.taylor@richardson.org', '+44(0)6512 22006', '2021-11-17 07:56:56', '2021-11-17 07:56:56'),
(565, 'Benjamin', 'Reid', 6, 'magni', 'noah.edwards@khan.com', '09414 493533', '2021-11-17 07:56:56', '2021-11-17 07:56:56'),
(566, 'Jamie', 'Young', 6, 'magni', 'patrick26@hotmail.com', '0384 216 1961', '2021-11-17 07:56:56', '2021-11-17 07:56:56'),
(567, 'Arthur', 'Lloyd', 6, 'magni', 'alexandra18@yahoo.co.uk', '+44(0)8386 39289', '2021-11-17 07:56:56', '2021-11-17 07:56:56'),
(568, 'Harvey', 'Anderson', 6, 'magni', 'vanessa.price@reynolds.com', '+44(0)408430828', '2021-11-17 07:56:56', '2021-11-17 07:56:56'),
(569, 'Jennifer', 'Smith', 6, 'magni', 'carter.paula@kennedy.com', '09772995041', '2021-11-17 07:56:56', '2021-11-17 07:56:56'),
(570, 'Peter', 'Hughes', 6, 'magni', 'wayne.powell@hotmail.com', '+44(0)6722 798769', '2021-11-17 07:56:56', '2021-11-17 07:56:56'),
(571, 'Fiona', 'Collins', 6, 'magni', 'adele.davies@lee.biz', '(04176) 305479', '2021-11-17 07:56:56', '2021-11-17 07:56:56'),
(572, 'Danielle', 'Hughes', 6, 'magni', 'davis.layla@roberts.biz', '03437 156875', '2021-11-17 07:56:56', '2021-11-17 07:56:56'),
(573, 'Kirsty', 'Walsh', 6, 'magni', 'johnson.victoria@gmail.com', '02588862562', '2021-11-17 07:56:56', '2021-11-17 07:56:56'),
(574, 'Tanya', 'Shaw', 6, 'magni', 'elliot.jones@gmail.com', '+44(0)5750358765', '2021-11-17 07:56:56', '2021-11-17 07:56:56'),
(575, 'Rosie', 'Roberts', 6, 'magni', 'linda.knight@hotmail.com', '0066 938 5096', '2021-11-17 07:56:56', '2021-11-17 07:56:56'),
(576, 'Louis', 'Bennett', 6, 'magni', 'turner.kevin@yahoo.co.uk', '+44(0)3437 760610', '2021-11-17 07:56:56', '2021-11-17 07:56:56'),
(577, 'Layla', 'Anderson', 6, 'magni', 'uhunt@yahoo.co.uk', '(07637) 92747', '2021-11-17 07:56:56', '2021-11-17 07:56:56'),
(578, 'Victoria', 'Ross', 6, 'magni', 'joshua.collins@hotmail.co.uk', '+44(0)4918 63916', '2021-11-17 07:56:56', '2021-11-17 07:56:56'),
(579, 'Shannon', 'Harris', 6, 'magni', 'sophie87@hotmail.co.uk', '(01543) 180530', '2021-11-17 07:56:56', '2021-11-17 07:56:56'),
(580, 'Aiden', 'Jones', 6, 'magni', 'dominic.kennedy@yahoo.co.uk', '(0720) 583 3512', '2021-11-17 07:56:56', '2021-11-17 07:56:56'),
(581, 'Adele', 'Rose', 6, 'magni', 'thompson.joseph@hotmail.co.uk', '0312 281 7720', '2021-11-17 07:56:56', '2021-11-17 07:56:56'),
(582, 'Joshua', 'Bell', 6, 'magni', 'kyle72@hotmail.com', '+44(0)8198 064882', '2021-11-17 07:56:56', '2021-11-17 07:56:56'),
(583, 'Mark', 'Thomas', 6, 'magni', 'gbennett@robertson.biz', '(0974) 268 5072', '2021-11-17 07:56:56', '2021-11-17 07:56:56'),
(584, 'Anthony', 'Robinson', 6, 'magni', 'yrussell@reynolds.com', '0577 4671151', '2021-11-17 07:56:56', '2021-11-17 07:56:56'),
(585, 'Karlie', 'Campbell', 6, 'magni', 'ksimpson@hotmail.com', '(03475) 39798', '2021-11-17 07:56:56', '2021-11-17 07:56:56'),
(586, 'Aiden', 'Russell', 6, 'magni', 'simpson.erin@griffiths.info', '+44(0)536978786', '2021-11-17 07:56:56', '2021-11-17 07:56:56'),
(587, 'Connor', 'Hill', 6, 'magni', 'zachary.mitchell@gmail.co.uk', '+44(0)361497275', '2021-11-17 07:56:56', '2021-11-17 07:56:56'),
(588, 'Melissa', 'Hall', 6, 'magni', 'jrobinson@gmail.co.uk', '+44(0)5382 501116', '2021-11-17 07:56:56', '2021-11-17 07:56:56'),
(589, 'Steve', 'Murray', 6, 'magni', 'ujackson@hotmail.com', '+44(0)7070129393', '2021-11-17 07:56:56', '2021-11-17 07:56:56'),
(590, 'Darren', 'Carter', 6, 'magni', 'sofia17@gmail.co.uk', '+44(0)6101 976906', '2021-11-17 07:56:56', '2021-11-17 07:56:56'),
(591, 'Harrison', 'Marshall', 6, 'magni', 'davies.sean@yahoo.co.uk', '0838 9390061', '2021-11-17 07:56:56', '2021-11-17 07:56:56'),
(592, 'Rebecca', 'Gray', 6, 'magni', 'isla70@yahoo.com', '0107 4104064', '2021-11-17 07:56:56', '2021-11-17 07:56:56'),
(593, 'Benjamin', 'Kelly', 6, 'magni', 'powell.lee@parker.org', '0017 489 5531', '2021-11-17 07:56:56', '2021-11-17 07:56:56'),
(594, 'Tom', 'Knight', 6, 'magni', 'hall.mary@yahoo.co.uk', '+44(0)5565 34066', '2021-11-17 07:56:56', '2021-11-17 07:56:56'),
(595, 'Shannon', 'Morris', 6, 'magni', 'rose.lisa@king.com', '0697 779 1235', '2021-11-17 07:56:56', '2021-11-17 07:56:56'),
(596, 'Megan', 'Phillips', 6, 'magni', 'molly.ross@hotmail.co.uk', '+44(0)2090111616', '2021-11-17 07:56:56', '2021-11-17 07:56:56'),
(597, 'Elliott', 'Hunt', 6, 'magni', 'adele77@gmail.com', '0496 667 4687', '2021-11-17 07:56:56', '2021-11-17 07:56:56'),
(598, 'Nicole', 'Martin', 6, 'magni', 'kennedy.lexi@holmes.com', '+44(0)1414 668487', '2021-11-17 07:56:56', '2021-11-17 07:56:56'),
(599, 'Yasmine', 'Russell', 6, 'magni', 'fox.andy@hotmail.co.uk', '02386 908894', '2021-11-17 07:56:56', '2021-11-17 07:56:56'),
(600, 'Charles', 'Butler', 6, 'magni', 'max.miller@yahoo.co.uk', '(05637) 176713', '2021-11-17 07:56:56', '2021-11-17 07:56:56'),
(601, 'Colin', 'Lee', 7, 'dicta', 'matthew.miller@price.biz', '+44(0)2254995035', '2021-11-17 07:56:56', '2021-11-17 07:56:56'),
(602, 'Amber', 'Campbell', 7, 'dicta', 'grant.lee@mitchell.com', '0803 0944182', '2021-11-17 07:56:56', '2021-11-17 07:56:56'),
(603, 'Alison', 'Russell', 7, 'dicta', 'powell.claire@hotmail.com', '00013343729', '2021-11-17 07:56:56', '2021-11-17 07:56:56'),
(604, 'Carrie', 'Martin', 7, 'dicta', 'wmorgan@yahoo.com', '(0074) 9414256', '2021-11-17 07:56:56', '2021-11-17 07:56:56'),
(605, 'Paul', 'Bennett', 7, 'dicta', 'natalie39@brown.com', '01927 31330', '2021-11-17 07:56:56', '2021-11-17 07:56:56'),
(606, 'Edward', 'Lee', 7, 'dicta', 'lee.daisy@anderson.info', '(0776) 9642392', '2021-11-17 07:56:56', '2021-11-17 07:56:56'),
(607, 'Elliot', 'Holmes', 7, 'dicta', 'nprice@yahoo.co.uk', '(01552) 57532', '2021-11-17 07:56:56', '2021-11-17 07:56:56'),
(608, 'Sonia', 'Davies', 7, 'dicta', 'cooper.lizzie@matthews.com', '07936 74418', '2021-11-17 07:56:56', '2021-11-17 07:56:56'),
(609, 'Adrian', 'Russell', 7, 'dicta', 'thomas.oscar@yahoo.com', '03920 08995', '2021-11-17 07:56:56', '2021-11-17 07:56:56'),
(610, 'Julia', 'Adams', 7, 'dicta', 'turner.grant@bell.co.uk', '+44(0)1037 49809', '2021-11-17 07:56:56', '2021-11-17 07:56:56'),
(611, 'Sarah', 'Chapman', 7, 'dicta', 'stefan21@yahoo.co.uk', '0224 344 0532', '2021-11-17 07:56:56', '2021-11-17 07:56:56'),
(612, 'Jonathan', 'Thompson', 7, 'dicta', 'karen19@gmail.com', '(0661) 1083722', '2021-11-17 07:56:56', '2021-11-17 07:56:56'),
(613, 'Ella', 'Wright', 7, 'dicta', 'harrison.sonia@yahoo.com', '+44(0)198143549', '2021-11-17 07:56:56', '2021-11-17 07:56:56'),
(614, 'Christian', 'Wilkinson', 7, 'dicta', 'toby.anderson@rogers.com', '00991861796', '2021-11-17 07:56:56', '2021-11-17 07:56:56'),
(615, 'Anthony', 'Wilson', 7, 'dicta', 'kennedy.kyle@gmail.co.uk', '09737 32457', '2021-11-17 07:56:56', '2021-11-17 07:56:56'),
(616, 'Yvette', 'Griffiths', 7, 'dicta', 'samuel78@wilson.org', '06435 60105', '2021-11-17 07:56:56', '2021-11-17 07:56:56'),
(617, 'Eva', 'Fox', 7, 'dicta', 'caroline.shaw@gmail.com', '(0175) 8777121', '2021-11-17 07:56:56', '2021-11-17 07:56:56'),
(618, 'Carole', 'Stewart', 7, 'dicta', 'morris.amy@roberts.net', '(01807) 116588', '2021-11-17 07:56:56', '2021-11-17 07:56:56'),
(619, 'Jacob', 'Harrison', 7, 'dicta', 'carlie25@yahoo.co.uk', '+44(0)0267 880902', '2021-11-17 07:56:56', '2021-11-17 07:56:56'),
(620, 'Lucy', 'Young', 7, 'dicta', 'simpson.isla@price.com', '(0475) 841 1861', '2021-11-17 07:56:56', '2021-11-17 07:56:56'),
(621, 'Alex', 'Kennedy', 7, 'dicta', 'eileen46@yahoo.com', '(09449) 352384', '2021-11-17 07:56:56', '2021-11-17 07:56:56'),
(622, 'Eva', 'Simpson', 7, 'dicta', 'fox.dominic@martin.com', '0744 1135845', '2021-11-17 07:56:56', '2021-11-17 07:56:56'),
(623, 'Isabel', 'Owen', 7, 'dicta', 'francesca82@yahoo.com', '+44(0)7399 251164', '2021-11-17 07:56:56', '2021-11-17 07:56:56'),
(624, 'Philip', 'Shaw', 7, 'dicta', 'mia32@yahoo.co.uk', '+44(0)2339 917012', '2021-11-17 07:56:56', '2021-11-17 07:56:56'),
(625, 'Roxanne', 'Anderson', 7, 'dicta', 'darren.ross@hotmail.com', '03922 318108', '2021-11-17 07:56:56', '2021-11-17 07:56:56'),
(626, 'Jeremy', 'Thomas', 7, 'dicta', 'roberts.shannon@yahoo.co.uk', '(07479) 724415', '2021-11-17 07:56:56', '2021-11-17 07:56:56'),
(627, 'Tara', 'Miller', 7, 'dicta', 'callum.parker@khan.org', '+44(0)4347244417', '2021-11-17 07:56:56', '2021-11-17 07:56:56'),
(628, 'Thomas', 'Khan', 7, 'dicta', 'fred16@hotmail.co.uk', '00390 863084', '2021-11-17 07:56:56', '2021-11-17 07:56:56'),
(629, 'Ian', 'Watson', 7, 'dicta', 'morgan.tyler@khan.com', '(0016) 0710960', '2021-11-17 07:56:56', '2021-11-17 07:56:56'),
(630, 'Adrian', 'Clarke', 7, 'dicta', 'wilson.millie@hotmail.com', '00177 361106', '2021-11-17 07:56:56', '2021-11-17 07:56:56'),
(631, 'Joshua', 'Roberts', 7, 'dicta', 'wchapman@yahoo.co.uk', '+44(0)0990 43967', '2021-11-17 07:56:56', '2021-11-17 07:56:56'),
(632, 'Sabrina', 'Williams', 7, 'dicta', 'wood.ellie@hotmail.com', '08540 96942', '2021-11-17 07:56:56', '2021-11-17 07:56:56'),
(633, 'Yvonne', 'Davis', 7, 'dicta', 'fphillips@lloyd.co.uk', '(0361) 716 7779', '2021-11-17 07:56:56', '2021-11-17 07:56:56'),
(634, 'Summer', 'Edwards', 7, 'dicta', 'sophie.price@thomas.co.uk', '0831339100', '2021-11-17 07:56:56', '2021-11-17 07:56:56'),
(635, 'Justine', 'Holmes', 7, 'dicta', 'moore.greg@mason.com', '(05190) 142579', '2021-11-17 07:56:56', '2021-11-17 07:56:56'),
(636, 'Holly', 'Bell', 7, 'dicta', 'roberts.dylan@campbell.com', '+44(0)578387786', '2021-11-17 07:56:56', '2021-11-17 07:56:56'),
(637, 'Daniel', 'Evans', 7, 'dicta', 'hhunt@yahoo.co.uk', '+44(0)2195 043718', '2021-11-17 07:56:56', '2021-11-17 07:56:56'),
(638, 'Mia', 'Campbell', 7, 'dicta', 'sabrina57@jones.biz', '04800034358', '2021-11-17 07:56:56', '2021-11-17 07:56:56'),
(639, 'Paul', 'Morris', 7, 'dicta', 'rebecca11@gmail.com', '(0362) 393 3861', '2021-11-17 07:56:56', '2021-11-17 07:56:56'),
(640, 'Wendy', 'Martin', 7, 'dicta', 'bennett.faye@watson.com', '+44(0)5927254692', '2021-11-17 07:56:56', '2021-11-17 07:56:56'),
(641, 'Pauline', 'Hall', 7, 'dicta', 'evans.caroline@richards.com', '01011 99363', '2021-11-17 07:56:56', '2021-11-17 07:56:56'),
(642, 'Mary', 'Robinson', 7, 'dicta', 'neil33@hotmail.com', '05648 238331', '2021-11-17 07:56:56', '2021-11-17 07:56:56'),
(643, 'Lilly', 'Morgan', 7, 'dicta', 'abbie.walker@lewis.com', '+44(0)2379 701031', '2021-11-17 07:56:56', '2021-11-17 07:56:56'),
(644, 'Bethany', 'Edwards', 7, 'dicta', 'harrison.sophia@smith.com', '(09820) 057938', '2021-11-17 07:56:56', '2021-11-17 07:56:56'),
(645, 'Shannon', 'Marshall', 7, 'dicta', 'lucas.davis@anderson.com', '03513 336281', '2021-11-17 07:56:56', '2021-11-17 07:56:56'),
(646, 'Helen', 'Knight', 7, 'dicta', 'nathan39@yahoo.com', '07718 981108', '2021-11-17 07:56:56', '2021-11-17 07:56:56'),
(647, 'Carole', 'Lewis', 7, 'dicta', 'hpowell@yahoo.co.uk', '(0925) 8685098', '2021-11-17 07:56:56', '2021-11-17 07:56:56'),
(648, 'Rob', 'Cooper', 7, 'dicta', 'xwalker@lewis.com', '(04004) 90596', '2021-11-17 07:56:56', '2021-11-17 07:56:56'),
(649, 'Greg', 'Parker', 7, 'dicta', 'walsh.joseph@hotmail.co.uk', '0608184740', '2021-11-17 07:56:56', '2021-11-17 07:56:56'),
(650, 'Emma', 'Moore', 7, 'dicta', 'adams.isaac@hotmail.com', '0577 3963902', '2021-11-17 07:56:56', '2021-11-17 07:56:56'),
(651, 'Lilly', 'Rose', 7, 'dicta', 'pwalker@hotmail.co.uk', '(0381) 059 3498', '2021-11-17 07:56:56', '2021-11-17 07:56:56'),
(652, 'Scarlett', 'Richards', 7, 'dicta', 'alexa.collins@ward.co.uk', '+44(0)4842 25140', '2021-11-17 07:56:56', '2021-11-17 07:56:56'),
(653, 'Jackson', 'Mason', 7, 'dicta', 'max.king@yahoo.co.uk', '08443 90949', '2021-11-17 07:56:56', '2021-11-17 07:56:56'),
(654, 'Beth', 'Wilkinson', 7, 'dicta', 'joanne.jackson@morgan.org', '(0173) 743 5708', '2021-11-17 07:56:56', '2021-11-17 07:56:56'),
(655, 'Kevin', 'Thompson', 7, 'dicta', 'cbennett@hotmail.com', '(0238) 4890771', '2021-11-17 07:56:56', '2021-11-17 07:56:56'),
(656, 'Adam', 'Evans', 7, 'dicta', 'wayne16@hill.com', '0334 780 5364', '2021-11-17 07:56:56', '2021-11-17 07:56:56'),
(657, 'Theresa', 'Evans', 7, 'dicta', 'jordan.robinson@palmer.com', '+44(0)2530532770', '2021-11-17 07:56:56', '2021-11-17 07:56:56'),
(658, 'Millie', 'Stevens', 7, 'dicta', 'tlewis@holmes.biz', '0399 332 5540', '2021-11-17 07:56:56', '2021-11-17 07:56:56'),
(659, 'Jordan', 'Brown', 7, 'dicta', 'kieran68@stevens.biz', '0302 8016536', '2021-11-17 07:56:56', '2021-11-17 07:56:56'),
(660, 'Amber', 'Williams', 7, 'dicta', 'ewalsh@gmail.co.uk', '+44(0)8996 204224', '2021-11-17 07:56:56', '2021-11-17 07:56:56'),
(661, 'Brandon', 'Cooper', 7, 'dicta', 'gordon.murphy@gmail.co.uk', '00621747511', '2021-11-17 07:56:56', '2021-11-17 07:56:56'),
(662, 'Isabelle', 'Baker', 7, 'dicta', 'imogen.knight@hotmail.co.uk', '(0959) 880 4079', '2021-11-17 07:56:56', '2021-11-17 07:56:56'),
(663, 'Jessica', 'Martin', 7, 'dicta', 'julia.anderson@williams.com', '06734277770', '2021-11-17 07:56:56', '2021-11-17 07:56:56'),
(664, 'Karen', 'Brown', 7, 'dicta', 'samuel51@baker.info', '02012 64238', '2021-11-17 07:56:56', '2021-11-17 07:56:56'),
(665, 'Dylan', 'Robinson', 7, 'dicta', 'joseph63@gmail.com', '+44(0)192039434', '2021-11-17 07:56:56', '2021-11-17 07:56:56'),
(666, 'Eva', 'Hughes', 7, 'dicta', 'mark.williams@robertson.com', '0814 7164939', '2021-11-17 07:56:56', '2021-11-17 07:56:56'),
(667, 'David', 'Shaw', 7, 'dicta', 'teagan52@yahoo.com', '+44(0)8614 824311', '2021-11-17 07:56:56', '2021-11-17 07:56:56'),
(668, 'Isabella', 'Holmes', 7, 'dicta', 'owen50@yahoo.com', '(0783) 213 9365', '2021-11-17 07:56:56', '2021-11-17 07:56:56'),
(669, 'Alex', 'Wilson', 7, 'dicta', 'wmatthews@evans.org', '01930 738798', '2021-11-17 07:56:56', '2021-11-17 07:56:56'),
(670, 'Tiffany', 'Hill', 7, 'dicta', 'ethan.allen@jones.com', '01576 516340', '2021-11-17 07:56:56', '2021-11-17 07:56:56'),
(671, 'Natasha', 'Mason', 7, 'dicta', 'kieran.young@adams.biz', '(00191) 67597', '2021-11-17 07:56:56', '2021-11-17 07:56:56'),
(672, 'Tim', 'Graham', 7, 'dicta', 'iparker@young.com', '0391 814 3090', '2021-11-17 07:56:56', '2021-11-17 07:56:56'),
(673, 'Christopher', 'Clark', 7, 'dicta', 'murray.fred@kelly.net', '+44(0)3935 00340', '2021-11-17 07:56:56', '2021-11-17 07:56:56'),
(674, 'Reece', 'Harris', 7, 'dicta', 'theresa22@green.biz', '(0294) 211 7660', '2021-11-17 07:56:56', '2021-11-17 07:56:56'),
(675, 'Isaac', 'Fox', 7, 'dicta', 'isabel97@gmail.co.uk', '0175 3229317', '2021-11-17 07:56:56', '2021-11-17 07:56:56'),
(676, 'Harvey', 'Chapman', 7, 'dicta', 'fiona08@yahoo.co.uk', '06951 461760', '2021-11-17 07:56:56', '2021-11-17 07:56:56'),
(677, 'Alexander', 'Wright', 7, 'dicta', 'marshall.sofia@scott.com', '+44(0)1829 839959', '2021-11-17 07:56:56', '2021-11-17 07:56:56'),
(678, 'Logan', 'Edwards', 7, 'dicta', 'ellis.noah@gmail.co.uk', '+44(0)3115 713530', '2021-11-17 07:56:56', '2021-11-17 07:56:56'),
(679, 'Joanne', 'Ward', 7, 'dicta', 'amber74@yahoo.com', '+44(0)198941732', '2021-11-17 07:56:56', '2021-11-17 07:56:56'),
(680, 'Steve', 'Phillips', 7, 'dicta', 'sdavis@miller.com', '(02926) 290689', '2021-11-17 07:56:56', '2021-11-17 07:56:56'),
(681, 'Matilda', 'Williams', 7, 'dicta', 'zach.thomas@griffiths.biz', '01526 713506', '2021-11-17 07:56:56', '2021-11-17 07:56:56'),
(682, 'Pete', 'Reynolds', 7, 'dicta', 'mason.ruby@morgan.com', '01363 082695', '2021-11-17 07:56:56', '2021-11-17 07:56:56'),
(683, 'Kimberly', 'Murphy', 7, 'dicta', 'carter.ashley@yahoo.com', '(09351) 009727', '2021-11-17 07:56:56', '2021-11-17 07:56:56'),
(684, 'Fiona', 'Richards', 7, 'dicta', 'kphillips@gmail.co.uk', '0137 278 7311', '2021-11-17 07:56:56', '2021-11-17 07:56:56'),
(685, 'Chelsea', 'Watson', 7, 'dicta', 'cox.adele@hunter.com', '+44(0)9133 70478', '2021-11-17 07:56:56', '2021-11-17 07:56:56'),
(686, 'Isabelle', 'Mitchell', 7, 'dicta', 'hunter.florence@ellis.com', '02064 23342', '2021-11-17 07:56:56', '2021-11-17 07:56:56'),
(687, 'Molly', 'Williams', 7, 'dicta', 'wood.stefan@thomas.com', '+44(0)935783045', '2021-11-17 07:56:56', '2021-11-17 07:56:56'),
(688, 'Victoria', 'Price', 7, 'dicta', 'king.karl@murray.co.uk', '+44(0)8159 188317', '2021-11-17 07:56:56', '2021-11-17 07:56:56'),
(689, 'Yasmine', 'White', 7, 'dicta', 'tanya.cook@jones.net', '+44(0)1279 519675', '2021-11-17 07:56:56', '2021-11-17 07:56:56'),
(690, 'Natalie', 'Clark', 7, 'dicta', 'emma85@hotmail.com', '(06689) 408564', '2021-11-17 07:56:56', '2021-11-17 07:56:56'),
(691, 'Isabella', 'Scott', 7, 'dicta', 'ellis.carmen@green.co.uk', '0721 204 0582', '2021-11-17 07:56:56', '2021-11-17 07:56:56'),
(692, 'Will', 'Walsh', 7, 'dicta', 'freddie.collins@matthews.com', '(09895) 150358', '2021-11-17 07:56:56', '2021-11-17 07:56:56'),
(693, 'Mason', 'Ross', 7, 'dicta', 'duncan44@marshall.co.uk', '09133 50433', '2021-11-17 07:56:56', '2021-11-17 07:56:56'),
(694, 'Ray', 'Kelly', 7, 'dicta', 'tmitchell@hotmail.co.uk', '0669815843', '2021-11-17 07:56:56', '2021-11-17 07:56:56'),
(695, 'Mohammed', 'Rogers', 7, 'dicta', 'muhammad.walsh@green.net', '(07763) 45758', '2021-11-17 07:56:56', '2021-11-17 07:56:56'),
(696, 'Peter', 'Matthews', 7, 'dicta', 'theresa.butler@gmail.com', '0532 775 0195', '2021-11-17 07:56:56', '2021-11-17 07:56:56'),
(697, 'Benjamin', 'Brown', 7, 'dicta', 'obell@hotmail.co.uk', '0513 985 8449', '2021-11-17 07:56:56', '2021-11-17 07:56:56'),
(698, 'Lucas', 'Thompson', 7, 'dicta', 'mia.walker@yahoo.com', '06585 738872', '2021-11-17 07:56:56', '2021-11-17 07:56:56'),
(699, 'Lewis', 'Cook', 7, 'dicta', 'white.amber@saunders.co.uk', '+44(0)7251 289277', '2021-11-17 07:56:56', '2021-11-17 07:56:56'),
(700, 'Pauline', 'Hughes', 7, 'dicta', 'morgan.kevin@martin.com', '(0400) 646 1743', '2021-11-17 07:56:56', '2021-11-17 07:56:56'),
(701, 'Olivia', 'Parker', 8, 'cupiditate', 'evelyn76@gmail.com', '+44(0)9582592658', '2021-11-17 07:56:56', '2021-11-17 07:56:56'),
(702, 'Mandy', 'Lloyd', 8, 'cupiditate', 'umurphy@yahoo.com', '+44(0)4140318852', '2021-11-17 07:56:56', '2021-11-17 07:56:56'),
(703, 'Yvonne', 'Hughes', 8, 'cupiditate', 'mcollins@matthews.com', '+44(0)2520400294', '2021-11-17 07:56:56', '2021-11-17 07:56:56'),
(704, 'Abbie', 'Ross', 8, 'cupiditate', 'king.matilda@johnson.org', '+44(0)8436 516655', '2021-11-17 07:56:56', '2021-11-17 07:56:56'),
(705, 'Lee', 'Lloyd', 8, 'cupiditate', 'steve03@brown.com', '01914 746379', '2021-11-17 07:56:56', '2021-11-17 07:56:56'),
(706, 'Gavin', 'Clarke', 8, 'cupiditate', 'isabella.young@hill.com', '0256 334 6362', '2021-11-17 07:56:56', '2021-11-17 07:56:56'),
(707, 'Will', 'Lloyd', 8, 'cupiditate', 'wholmes@gmail.com', '0146603857', '2021-11-17 07:56:56', '2021-11-17 07:56:56'),
(708, 'Sean', 'Williams', 8, 'cupiditate', 'wilson.faye@robertson.biz', '0157052904', '2021-11-17 07:56:56', '2021-11-17 07:56:56'),
(709, 'Christian', 'Jones', 8, 'cupiditate', 'rachel77@mitchell.com', '08084 98604', '2021-11-17 07:56:56', '2021-11-17 07:56:56'),
(710, 'Sabrina', 'King', 8, 'cupiditate', 'iparker@gmail.com', '0476 174 1058', '2021-11-17 07:56:56', '2021-11-17 07:56:56'),
(711, 'Patricia', 'Walker', 8, 'cupiditate', 'ethan76@gmail.com', '(09496) 004527', '2021-11-17 07:56:56', '2021-11-17 07:56:56'),
(712, 'Isaac', 'Mitchell', 8, 'cupiditate', 'epatel@gmail.com', '04300 15916', '2021-11-17 07:56:56', '2021-11-17 07:56:56'),
(713, 'Frank', 'Hunt', 8, 'cupiditate', 'craig.ward@gmail.com', '(0251) 0999669', '2021-11-17 07:56:56', '2021-11-17 07:56:56'),
(714, 'Alexander', 'Davies', 8, 'cupiditate', 'walker.freddie@collins.info', '+44(0)3325 56233', '2021-11-17 07:56:56', '2021-11-17 07:56:56'),
(715, 'Bruce', 'Jackson', 8, 'cupiditate', 'cmatthews@yahoo.co.uk', '+44(0)2190 851848', '2021-11-17 07:56:56', '2021-11-17 07:56:56'),
(716, 'Dylan', 'Ellis', 8, 'cupiditate', 'maria.price@price.com', '0334 8901875', '2021-11-17 07:56:56', '2021-11-17 07:56:56'),
(717, 'Amanda', 'Scott', 8, 'cupiditate', 'sebastian63@yahoo.com', '0485 021 7076', '2021-11-17 07:56:56', '2021-11-17 07:56:56'),
(718, 'Connor', 'Parker', 8, 'cupiditate', 'omarshall@gmail.com', '01688 24764', '2021-11-17 07:56:56', '2021-11-17 07:56:56'),
(719, 'Jackson', 'White', 8, 'cupiditate', 'lisa09@clark.org', '0009 4754186', '2021-11-17 07:56:56', '2021-11-17 07:56:56'),
(720, 'Toby', 'Williams', 8, 'cupiditate', 'bradley.ross@wilkinson.co.uk', '00410111290', '2021-11-17 07:56:56', '2021-11-17 07:56:56'),
(721, 'Lexi', 'Richardson', 8, 'cupiditate', 'nmiller@yahoo.co.uk', '+44(0)9898 218385', '2021-11-17 07:56:56', '2021-11-17 07:56:56'),
(722, 'Zach', 'Murray', 8, 'cupiditate', 'david42@yahoo.co.uk', '07349005762', '2021-11-17 07:56:56', '2021-11-17 07:56:56'),
(723, 'Shannon', 'Watson', 8, 'cupiditate', 'helena62@jackson.biz', '07588 307641', '2021-11-17 07:56:56', '2021-11-17 07:56:56'),
(724, 'Jack', 'Cox', 8, 'cupiditate', 'alexander55@gmail.com', '+44(0)4485 74317', '2021-11-17 07:56:56', '2021-11-17 07:56:56'),
(725, 'Pete', 'Robertson', 8, 'cupiditate', 'dhunter@bailey.com', '(09457) 466561', '2021-11-17 07:56:56', '2021-11-17 07:56:56'),
(726, 'Emma', 'Bell', 8, 'cupiditate', 'kirsten.chapman@jones.com', '+44(0)618971683', '2021-11-17 07:56:56', '2021-11-17 07:56:56'),
(727, 'Joanne', 'Davies', 8, 'cupiditate', 'ian.stewart@gmail.com', '(05206) 84637', '2021-11-17 07:56:56', '2021-11-17 07:56:56'),
(728, 'Eileen', 'Matthews', 8, 'cupiditate', 'nick.marshall@yahoo.co.uk', '+44(0)8661 889179', '2021-11-17 07:56:56', '2021-11-17 07:56:56'),
(729, 'Nicole', 'Graham', 8, 'cupiditate', 'mkhan@yahoo.com', '(0838) 593 1987', '2021-11-17 07:56:56', '2021-11-17 07:56:56'),
(730, 'Justine', 'Thomas', 8, 'cupiditate', 'kieran52@hotmail.co.uk', '00398049386', '2021-11-17 07:56:56', '2021-11-17 07:56:56'),
(731, 'Lily', 'James', 8, 'cupiditate', 'maria08@cooper.com', '+44(0)3005489920', '2021-11-17 07:56:56', '2021-11-17 07:56:56'),
(732, 'Eleanor', 'Adams', 8, 'cupiditate', 'peter55@adams.net', '+44(0)5837 91349', '2021-11-17 07:56:56', '2021-11-17 07:56:56'),
(733, 'Lisa', 'Clark', 8, 'cupiditate', 'wlee@hunt.com', '09695 55816', '2021-11-17 07:56:56', '2021-11-17 07:56:56'),
(734, 'Jamie', 'Stewart', 8, 'cupiditate', 'keeley.khan@taylor.com', '0407 3151957', '2021-11-17 07:56:56', '2021-11-17 07:56:56'),
(735, 'Keeley', 'Hill', 8, 'cupiditate', 'nsimpson@robertson.org', '03380 26846', '2021-11-17 07:56:56', '2021-11-17 07:56:56'),
(736, 'Connor', 'Gray', 8, 'cupiditate', 'marshall.sienna@thomas.co.uk', '0878 732 4721', '2021-11-17 07:56:56', '2021-11-17 07:56:56'),
(737, 'Molly', 'Rogers', 8, 'cupiditate', 'rose.selina@yahoo.com', '(00127) 59497', '2021-11-17 07:56:56', '2021-11-17 07:56:56'),
(738, 'Summer', 'Powell', 8, 'cupiditate', 'trogers@yahoo.co.uk', '06371 714737', '2021-11-17 07:56:56', '2021-11-17 07:56:56'),
(739, 'Brandon', 'Murray', 8, 'cupiditate', 'hughes.tanya@bailey.com', '+44(0)693430199', '2021-11-17 07:56:56', '2021-11-17 07:56:56'),
(740, 'Michael', 'Ellis', 8, 'cupiditate', 'lmitchell@hotmail.com', '+44(0)3546068578', '2021-11-17 07:56:56', '2021-11-17 07:56:56'),
(741, 'Imogen', 'Campbell', 8, 'cupiditate', 'aadams@hotmail.com', '(0562) 3589183', '2021-11-17 07:56:56', '2021-11-17 07:56:56'),
(742, 'Ken', 'Martin', 8, 'cupiditate', 'hrose@yahoo.co.uk', '(09637) 458900', '2021-11-17 07:56:56', '2021-11-17 07:56:56'),
(743, 'Kirsten', 'Butler', 8, 'cupiditate', 'vcampbell@marshall.com', '01246 58539', '2021-11-17 07:56:56', '2021-11-17 07:56:56'),
(744, 'Dan', 'Kennedy', 8, 'cupiditate', 'lilly25@gmail.com', '(05422) 09158', '2021-11-17 07:56:56', '2021-11-17 07:56:56'),
(745, 'Patrick', 'Cooper', 8, 'cupiditate', 'qclarke@yahoo.com', '08281 901498', '2021-11-17 07:56:56', '2021-11-17 07:56:56'),
(746, 'Vanessa', 'Butler', 8, 'cupiditate', 'pete.wood@hotmail.com', '+44(0)3524 466561', '2021-11-17 07:56:56', '2021-11-17 07:56:56'),
(747, 'Stefan', 'Kennedy', 8, 'cupiditate', 'paul80@hall.com', '01814107979', '2021-11-17 07:56:56', '2021-11-17 07:56:56'),
(748, 'Owen', 'Kelly', 8, 'cupiditate', 'bennett.becky@hunt.biz', '0923659808', '2021-11-17 07:56:56', '2021-11-17 07:56:56'),
(749, 'Francesca', 'Kelly', 8, 'cupiditate', 'james.katie@knight.com', '0677 384 2542', '2021-11-17 07:56:56', '2021-11-17 07:56:56'),
(750, 'Fred', 'James', 8, 'cupiditate', 'clark.tyler@yahoo.co.uk', '0269 1188558', '2021-11-17 07:56:56', '2021-11-17 07:56:56'),
(751, 'Theo', 'Ward', 8, 'cupiditate', 'emily.butler@murray.org', '(0023) 249 6543', '2021-11-17 07:56:56', '2021-11-17 07:56:56'),
(752, 'Kirsten', 'Ellis', 8, 'cupiditate', 'oscar15@gmail.com', '+44(0)900473495', '2021-11-17 07:56:56', '2021-11-17 07:56:56'),
(753, 'Nathan', 'Reid', 8, 'cupiditate', 'dross@hotmail.com', '(01886) 925403', '2021-11-17 07:56:56', '2021-11-17 07:56:56'),
(754, 'Layla', 'Morris', 8, 'cupiditate', 'russell.theo@stewart.com', '+44(0)236706625', '2021-11-17 07:56:56', '2021-11-17 07:56:56'),
(755, 'Brandon', 'Jones', 8, 'cupiditate', 'benjamin.allen@gmail.co.uk', '(04994) 618280', '2021-11-17 07:56:56', '2021-11-17 07:56:56'),
(756, 'Zachary', 'Smith', 8, 'cupiditate', 'qjackson@yahoo.com', '0058 2342117', '2021-11-17 07:56:56', '2021-11-17 07:56:56'),
(757, 'Gordon', 'Reid', 8, 'cupiditate', 'candice.chapman@hotmail.co.uk', '+44(0)7063934971', '2021-11-17 07:56:56', '2021-11-17 07:56:56'),
(758, 'Sonia', 'Phillips', 8, 'cupiditate', 'qross@gmail.com', '0063613781', '2021-11-17 07:56:56', '2021-11-17 07:56:56'),
(759, 'Connor', 'Richards', 8, 'cupiditate', 'kirsten73@hotmail.com', '+44(0)1277246772', '2021-11-17 07:56:56', '2021-11-17 07:56:56'),
(760, 'Tara', 'Khan', 8, 'cupiditate', 'matilda80@yahoo.co.uk', '+44(0)0626 93535', '2021-11-17 07:56:56', '2021-11-17 07:56:56'),
(761, 'Jayden', 'Wood', 8, 'cupiditate', 'justine.jones@hotmail.co.uk', '0787 467 1079', '2021-11-17 07:56:56', '2021-11-17 07:56:56'),
(762, 'Neil', 'Rogers', 8, 'cupiditate', 'eva.jackson@yahoo.co.uk', '(0564) 540 0792', '2021-11-17 07:56:56', '2021-11-17 07:56:56'),
(763, 'Abigail', 'Richards', 8, 'cupiditate', 'lola.murphy@baker.biz', '06009156380', '2021-11-17 07:56:56', '2021-11-17 07:56:56'),
(764, 'Jasmine', 'Miller', 8, 'cupiditate', 'ryan.bailey@holmes.biz', '(08782) 732593', '2021-11-17 07:56:56', '2021-11-17 07:56:56'),
(765, 'Noah', 'Reid', 8, 'cupiditate', 'lmatthews@mitchell.com', '0462 7264849', '2021-11-17 07:56:56', '2021-11-17 07:56:56'),
(766, 'Ray', 'Powell', 8, 'cupiditate', 'sean29@gmail.com', '03717205892', '2021-11-17 07:56:56', '2021-11-17 07:56:56'),
(767, 'Eden', 'Chapman', 8, 'cupiditate', 'rlee@yahoo.com', '+44(0)6905 93875', '2021-11-17 07:56:56', '2021-11-17 07:56:56'),
(768, 'Will', 'Hill', 8, 'cupiditate', 'ross.francesca@yahoo.com', '(06403) 707936', '2021-11-17 07:56:56', '2021-11-17 07:56:56'),
(769, 'Kirsten', 'Murray', 8, 'cupiditate', 'millie49@yahoo.com', '(0468) 9869762', '2021-11-17 07:56:56', '2021-11-17 07:56:56'),
(770, 'Vanessa', 'Marshall', 8, 'cupiditate', 'hwright@gmail.co.uk', '+44(0)4125810043', '2021-11-17 07:56:56', '2021-11-17 07:56:56'),
(771, 'Jacob', 'Hill', 8, 'cupiditate', 'bailey.poppy@saunders.net', '0723 704 7397', '2021-11-17 07:56:56', '2021-11-17 07:56:56'),
(772, 'Bruce', 'Davis', 8, 'cupiditate', 'tracy64@hotmail.co.uk', '+44(0)1271 994025', '2021-11-17 07:56:56', '2021-11-17 07:56:56'),
(773, 'Mia', 'Clark', 8, 'cupiditate', 'reece.lee@hotmail.com', '04821 389916', '2021-11-17 07:56:56', '2021-11-17 07:56:56'),
(774, 'Adrian', 'Price', 8, 'cupiditate', 'clark.andrew@hotmail.com', '+44(0)8578 58424', '2021-11-17 07:56:56', '2021-11-17 07:56:56'),
(775, 'Abbie', 'Fox', 8, 'cupiditate', 'williams.vicky@james.co.uk', '08543453420', '2021-11-17 07:56:56', '2021-11-17 07:56:56'),
(776, 'Lucas', 'James', 8, 'cupiditate', 'jade.chapman@gmail.co.uk', '(0791) 1632594', '2021-11-17 07:56:56', '2021-11-17 07:56:56'),
(777, 'Anthony', 'Ellis', 8, 'cupiditate', 'harvey.holmes@hotmail.com', '0218599579', '2021-11-17 07:56:56', '2021-11-17 07:56:56'),
(778, 'Shannon', 'Moore', 8, 'cupiditate', 'elliott.simpson@evans.com', '(0539) 920 8108', '2021-11-17 07:56:56', '2021-11-17 07:56:56'),
(779, 'Archie', 'Walker', 8, 'cupiditate', 'jones.tyler@kennedy.org', '0689589335', '2021-11-17 07:56:56', '2021-11-17 07:56:56'),
(780, 'Lewis', 'Murray', 8, 'cupiditate', 'khan.oscar@hotmail.co.uk', '+44(0)3265 554099', '2021-11-17 07:56:56', '2021-11-17 07:56:56'),
(781, 'Greg', 'Hughes', 8, 'cupiditate', 'white.steve@palmer.com', '0566 7595749', '2021-11-17 07:56:56', '2021-11-17 07:56:56'),
(782, 'Jayden', 'Robertson', 8, 'cupiditate', 'karlie70@gmail.com', '(01595) 81831', '2021-11-17 07:56:56', '2021-11-17 07:56:56'),
(783, 'Lucy', 'Baker', 8, 'cupiditate', 'ross76@morgan.biz', '(0755) 9006233', '2021-11-17 07:56:56', '2021-11-17 07:56:56'),
(784, 'Zach', 'Hunter', 8, 'cupiditate', 'holmes.carmen@hotmail.com', '(0325) 5176646', '2021-11-17 07:56:56', '2021-11-17 07:56:56'),
(785, 'Isaac', 'Jones', 8, 'cupiditate', 'sophia.hill@gmail.co.uk', '+44(0)1921 532833', '2021-11-17 07:56:56', '2021-11-17 07:56:56'),
(786, 'Jade', 'Matthews', 8, 'cupiditate', 'twalker@hotmail.com', '(0202) 408 6157', '2021-11-17 07:56:56', '2021-11-17 07:56:56');
INSERT INTO `employees` (`id`, `first_name`, `last_name`, `company_id`, `company`, `email`, `phone_number`, `created_at`, `updated_at`) VALUES
(787, 'Charlotte', 'Clarke', 8, 'cupiditate', 'patrick96@bennett.com', '+44(0)400136429', '2021-11-17 07:56:56', '2021-11-17 07:56:56'),
(788, 'Grace', 'Lewis', 8, 'cupiditate', 'icarter@shaw.info', '0979040322', '2021-11-17 07:56:56', '2021-11-17 07:56:56'),
(789, 'Tiffany', 'Davies', 8, 'cupiditate', 'asmith@collins.info', '(0830) 671 4559', '2021-11-17 07:56:56', '2021-11-17 07:56:56'),
(790, 'Selina', 'Lloyd', 8, 'cupiditate', 'nbell@hotmail.co.uk', '(0483) 402 7779', '2021-11-17 07:56:56', '2021-11-17 07:56:56'),
(791, 'Luke', 'Johnson', 8, 'cupiditate', 'sofia72@phillips.com', '(0368) 738 6167', '2021-11-17 07:56:56', '2021-11-17 07:56:56'),
(792, 'Elliot', 'Clark', 8, 'cupiditate', 'srogers@hotmail.co.uk', '(03025) 68075', '2021-11-17 07:56:56', '2021-11-17 07:56:56'),
(793, 'Ross', 'Stewart', 8, 'cupiditate', 'scarlett.murray@yahoo.com', '0554 898 8281', '2021-11-17 07:56:56', '2021-11-17 07:56:56'),
(794, 'Elliot', 'Watson', 8, 'cupiditate', 'taylor.james@bailey.org', '(04577) 427588', '2021-11-17 07:56:56', '2021-11-17 07:56:56'),
(795, 'Bethany', 'Knight', 8, 'cupiditate', 'hmatthews@gmail.co.uk', '(0833) 2315427', '2021-11-17 07:56:56', '2021-11-17 07:56:56'),
(796, 'Jamie', 'Thomas', 8, 'cupiditate', 'owen16@baker.biz', '(0034) 6598870', '2021-11-17 07:56:56', '2021-11-17 07:56:56'),
(797, 'Aaron', 'Bell', 8, 'cupiditate', 'qcook@green.info', '0243685910', '2021-11-17 07:56:56', '2021-11-17 07:56:56'),
(798, 'Ethan', 'Scott', 8, 'cupiditate', 'vharris@murray.net', '+44(0)1185 490667', '2021-11-17 07:56:56', '2021-11-17 07:56:56'),
(799, 'Ray', 'Bailey', 8, 'cupiditate', 'robinson.eileen@bailey.com', '+44(0)1179 854007', '2021-11-17 07:56:56', '2021-11-17 07:56:56'),
(800, 'Jake', 'Young', 8, 'cupiditate', 'ihall@hunt.biz', '05352210244', '2021-11-17 07:56:56', '2021-11-17 07:56:56'),
(801, 'Patricia', 'Bennett', 9, 'et', 'sprice@shaw.biz', '(0881) 284 1356', '2021-11-17 07:56:56', '2021-11-17 07:56:56'),
(802, 'Sienna', 'Chapman', 9, 'et', 'jasmine.watson@scott.com', '+44(0)337949148', '2021-11-17 07:56:56', '2021-11-17 07:56:56'),
(803, 'Darren', 'Knight', 9, 'et', 'phoebe.thompson@knight.biz', '(0777) 825 4842', '2021-11-17 07:56:56', '2021-11-17 07:56:56'),
(804, 'Rebecca', 'Wilkinson', 9, 'et', 'johnson.kieran@scott.co.uk', '+44(0)909347716', '2021-11-17 07:56:56', '2021-11-17 07:56:56'),
(805, 'Gordon', 'Moore', 9, 'et', 'adele.gray@clarke.com', '0273 820 0607', '2021-11-17 07:56:56', '2021-11-17 07:56:56'),
(806, 'Andrew', 'Anderson', 9, 'et', 'caroline12@hotmail.co.uk', '00798 327349', '2021-11-17 07:56:56', '2021-11-17 07:56:56'),
(807, 'Rowena', 'Gray', 9, 'et', 'james.florence@hotmail.co.uk', '00884 27288', '2021-11-17 07:56:56', '2021-11-17 07:56:56'),
(808, 'Joanne', 'Saunders', 9, 'et', 'collins.samantha@yahoo.com', '06615 311634', '2021-11-17 07:56:56', '2021-11-17 07:56:56'),
(809, 'Adam', 'Matthews', 9, 'et', 'owen.karlie@robertson.info', '0414 963 9341', '2021-11-17 07:56:56', '2021-11-17 07:56:56'),
(810, 'George', 'Hill', 9, 'et', 'young.greg@hotmail.co.uk', '(0981) 5441108', '2021-11-17 07:56:56', '2021-11-17 07:56:56'),
(811, 'Caitlin', 'Khan', 9, 'et', 'david.wilkinson@owen.info', '+44(0)6301 21837', '2021-11-17 07:56:56', '2021-11-17 07:56:56'),
(812, 'Millie', 'Reynolds', 9, 'et', 'alfie03@yahoo.co.uk', '+44(0)5483 56920', '2021-11-17 07:56:56', '2021-11-17 07:56:56'),
(813, 'Carmen', 'Stevens', 9, 'et', 'dylan75@hotmail.co.uk', '(00123) 342495', '2021-11-17 07:56:56', '2021-11-17 07:56:56'),
(814, 'Natalie', 'Allen', 9, 'et', 'graham.faye@gmail.co.uk', '0641 4546789', '2021-11-17 07:56:56', '2021-11-17 07:56:56'),
(815, 'Lewis', 'Powell', 9, 'et', 'vreynolds@gmail.co.uk', '(04016) 10055', '2021-11-17 07:56:56', '2021-11-17 07:56:56'),
(816, 'Keeley', 'Clarke', 9, 'et', 'callum.reid@hotmail.co.uk', '0721 5737997', '2021-11-17 07:56:56', '2021-11-17 07:56:56'),
(817, 'Hollie', 'Gray', 9, 'et', 'khan.layla@yahoo.com', '08038437339', '2021-11-17 07:56:56', '2021-11-17 07:56:56'),
(818, 'Jamie', 'Edwards', 9, 'et', 'alan38@wilkinson.com', '0984 8068751', '2021-11-17 07:56:56', '2021-11-17 07:56:56'),
(819, 'Benjamin', 'Campbell', 9, 'et', 'paul.palmer@anderson.com', '+44(0)2904 453469', '2021-11-17 07:56:56', '2021-11-17 07:56:56'),
(820, 'Oliver', 'Hunter', 9, 'et', 'james.rebecca@gmail.co.uk', '0798 432 9088', '2021-11-17 07:56:56', '2021-11-17 07:56:56'),
(821, 'Patrick', 'Khan', 9, 'et', 'mia.fox@gmail.com', '(0887) 001 1325', '2021-11-17 07:56:56', '2021-11-17 07:56:56'),
(822, 'Nikki', 'Hall', 9, 'et', 'uroberts@yahoo.co.uk', '09123 746576', '2021-11-17 07:56:56', '2021-11-17 07:56:56'),
(823, 'Francesca', 'Young', 9, 'et', 'damien.lee@hotmail.com', '+44(0)3059 433025', '2021-11-17 07:56:56', '2021-11-17 07:56:56'),
(824, 'Amelia', 'Miller', 9, 'et', 'natasha.saunders@taylor.com', '(0632) 9829636', '2021-11-17 07:56:56', '2021-11-17 07:56:56'),
(825, 'Megan', 'Walsh', 9, 'et', 'zachary.khan@gmail.co.uk', '0985 2840320', '2021-11-17 07:56:56', '2021-11-17 07:56:56'),
(826, 'Sabrina', 'Walsh', 9, 'et', 'leo94@marshall.com', '00908 747935', '2021-11-17 07:56:56', '2021-11-17 07:56:56'),
(827, 'Dean', 'Saunders', 9, 'et', 'smith.callum@phillips.net', '+44(0)7357503918', '2021-11-17 07:56:56', '2021-11-17 07:56:56'),
(828, 'David', 'Parker', 9, 'et', 'emma23@reid.com', '(08339) 80897', '2021-11-17 07:56:56', '2021-11-17 07:56:56'),
(829, 'Bruce', 'Lloyd', 9, 'et', 'hannah11@hotmail.com', '(01777) 884882', '2021-11-17 07:56:56', '2021-11-17 07:56:56'),
(830, 'Gordon', 'Walker', 9, 'et', 'swilliams@gmail.com', '+44(0)1565407319', '2021-11-17 07:56:56', '2021-11-17 07:56:56'),
(831, 'Peter', 'Russell', 9, 'et', 'tracy.morgan@gmail.com', '(07799) 89524', '2021-11-17 07:56:56', '2021-11-17 07:56:56'),
(832, 'Philip', 'Cook', 9, 'et', 'adrian04@lloyd.co.uk', '(07112) 12165', '2021-11-17 07:56:56', '2021-11-17 07:56:56'),
(833, 'Jamie', 'Chapman', 9, 'et', 'alex79@yahoo.co.uk', '+44(0)1746 278640', '2021-11-17 07:56:56', '2021-11-17 07:56:56'),
(834, 'Liam', 'Young', 9, 'et', 'matthews.grace@taylor.co.uk', '(0636) 747 5020', '2021-11-17 07:56:56', '2021-11-17 07:56:56'),
(835, 'Riley', 'Parker', 9, 'et', 'maria61@yahoo.co.uk', '06389 889030', '2021-11-17 07:56:56', '2021-11-17 07:56:56'),
(836, 'Dale', 'Cooper', 9, 'et', 'chloe.james@hotmail.com', '(05515) 87928', '2021-11-17 07:56:56', '2021-11-17 07:56:56'),
(837, 'Stephen', 'Bennett', 9, 'et', 'grace54@price.info', '(07955) 835857', '2021-11-17 07:56:56', '2021-11-17 07:56:56'),
(838, 'Jonathan', 'Simpson', 9, 'et', 'ellie55@knight.biz', '03779 70932', '2021-11-17 07:56:56', '2021-11-17 07:56:56'),
(839, 'Frank', 'Saunders', 9, 'et', 'robinson.caitlin@jackson.com', '03931 80209', '2021-11-17 07:56:56', '2021-11-17 07:56:56'),
(840, 'Logan', 'Butler', 9, 'et', 'simpson.darren@williams.com', '(02683) 292918', '2021-11-17 07:56:56', '2021-11-17 07:56:56'),
(841, 'Louis', 'Fox', 9, 'et', 'arthur.james@phillips.com', '(0061) 405 8913', '2021-11-17 07:56:56', '2021-11-17 07:56:56'),
(842, 'Zoe', 'Hill', 9, 'et', 'adam03@clarke.co.uk', '+44(0)7462 52544', '2021-11-17 07:56:56', '2021-11-17 07:56:56'),
(843, 'Tara', 'Martin', 9, 'et', 'ascott@hunter.co.uk', '0794171736', '2021-11-17 07:56:56', '2021-11-17 07:56:56'),
(844, 'Keith', 'Palmer', 9, 'et', 'isabel25@hotmail.com', '0221967565', '2021-11-17 07:56:56', '2021-11-17 07:56:56'),
(845, 'Ella', 'Thomas', 9, 'et', 'imiller@hotmail.co.uk', '+44(0)877233616', '2021-11-17 07:56:56', '2021-11-17 07:56:56'),
(846, 'Isobel', 'Ellis', 9, 'et', 'klee@gmail.co.uk', '(0923) 5796516', '2021-11-17 07:56:56', '2021-11-17 07:56:56'),
(847, 'Jennifer', 'Martin', 9, 'et', 'khan.noah@james.com', '+44(0)6858 827243', '2021-11-17 07:56:56', '2021-11-17 07:56:56'),
(848, 'Dennis', 'Hall', 9, 'et', 'anderson.tyler@smith.com', '(0595) 122 5693', '2021-11-17 07:56:56', '2021-11-17 07:56:56'),
(849, 'Samantha', 'Marshall', 9, 'et', 'bgreen@gmail.co.uk', '0781293215', '2021-11-17 07:56:56', '2021-11-17 07:56:56'),
(850, 'Neil', 'Russell', 9, 'et', 'yvette03@hotmail.co.uk', '(0821) 3784508', '2021-11-17 07:56:56', '2021-11-17 07:56:56'),
(851, 'Mohammed', 'Adams', 9, 'et', 'hughes.kelly@matthews.com', '(0998) 8722288', '2021-11-17 07:56:56', '2021-11-17 07:56:56'),
(852, 'Kyle', 'Bailey', 9, 'et', 'david.hunter@hotmail.co.uk', '(02030) 566138', '2021-11-17 07:56:56', '2021-11-17 07:56:56'),
(853, 'Ava', 'Murray', 9, 'et', 'robinson.francesca@hotmail.com', '0532 543 7716', '2021-11-17 07:56:56', '2021-11-17 07:56:56'),
(854, 'Jennifer', 'Johnson', 9, 'et', 'erin83@fox.com', '(0235) 0108478', '2021-11-17 07:56:56', '2021-11-17 07:56:56'),
(855, 'Katie', 'Brown', 9, 'et', 'emma17@allen.com', '(0993) 312 7459', '2021-11-17 07:56:56', '2021-11-17 07:56:56'),
(856, 'Ellie', 'Miller', 9, 'et', 'richardson.dan@lee.com', '+44(0)1369726417', '2021-11-17 07:56:56', '2021-11-17 07:56:56'),
(857, 'Ethan', 'Price', 9, 'et', 'rwilkinson@moore.com', '0803917844', '2021-11-17 07:56:56', '2021-11-17 07:56:56'),
(858, 'Karlie', 'Shaw', 9, 'et', 'freya.rogers@hotmail.com', '(0313) 6699813', '2021-11-17 07:56:56', '2021-11-17 07:56:56'),
(859, 'Chris', 'Mason', 9, 'et', 'ftaylor@reynolds.biz', '0366 537 0601', '2021-11-17 07:56:56', '2021-11-17 07:56:56'),
(860, 'Ray', 'Richardson', 9, 'et', 'griffiths.finley@hunt.biz', '+44(0)7502 21437', '2021-11-17 07:56:56', '2021-11-17 07:56:56'),
(861, 'Lola', 'Miller', 9, 'et', 'zallen@thompson.com', '(06531) 44775', '2021-11-17 07:56:56', '2021-11-17 07:56:56'),
(862, 'Lilly', 'Wilkinson', 9, 'et', 'zachary27@hotmail.com', '+44(0)6133 85427', '2021-11-17 07:56:56', '2021-11-17 07:56:56'),
(863, 'Amelia', 'Hughes', 9, 'et', 'turner.leo@gmail.com', '(05878) 943006', '2021-11-17 07:56:56', '2021-11-17 07:56:56'),
(864, 'Jason', 'Reynolds', 9, 'et', 'theo62@gmail.com', '+44(0)5404956176', '2021-11-17 07:56:56', '2021-11-17 07:56:56'),
(865, 'Graham', 'Brown', 9, 'et', 'samuel.thompson@yahoo.co.uk', '08984 85476', '2021-11-17 07:56:56', '2021-11-17 07:56:56'),
(866, 'Evelyn', 'Martin', 9, 'et', 'ocollins@gmail.com', '+44(0)731206195', '2021-11-17 07:56:56', '2021-11-17 07:56:56'),
(867, 'Kevin', 'Griffiths', 9, 'et', 'cmorgan@shaw.info', '0223436695', '2021-11-17 07:56:56', '2021-11-17 07:56:56'),
(868, 'Fiona', 'Wilson', 9, 'et', 'collins.benjamin@watson.org', '+44(0)4642 074468', '2021-11-17 07:56:56', '2021-11-17 07:56:56'),
(869, 'Sophia', 'Clarke', 9, 'et', 'wright.matthew@bailey.info', '+44(0)7880716538', '2021-11-17 07:56:56', '2021-11-17 07:56:56'),
(870, 'Harvey', 'White', 9, 'et', 'samantha05@yahoo.co.uk', '02222 441752', '2021-11-17 07:56:56', '2021-11-17 07:56:56'),
(871, 'Danielle', 'Martin', 9, 'et', 'alexander.davies@ross.com', '+44(0)4801 38028', '2021-11-17 07:56:56', '2021-11-17 07:56:56'),
(872, 'Andrew', 'Williams', 9, 'et', 'patrick65@gmail.com', '07236 900600', '2021-11-17 07:56:56', '2021-11-17 07:56:56'),
(873, 'Ethan', 'Hunt', 9, 'et', 'james00@hotmail.com', '03114 23315', '2021-11-17 07:56:56', '2021-11-17 07:56:56'),
(874, 'Sebastian', 'Brown', 9, 'et', 'treid@gmail.co.uk', '+44(0)6757 184489', '2021-11-17 07:56:56', '2021-11-17 07:56:56'),
(875, 'Beth', 'Price', 9, 'et', 'cameron91@wright.co.uk', '+44(0)8799 08812', '2021-11-17 07:56:56', '2021-11-17 07:56:56'),
(876, 'Samantha', 'Jones', 9, 'et', 'stephanie26@gmail.co.uk', '(07772) 187331', '2021-11-17 07:56:56', '2021-11-17 07:56:56'),
(877, 'Scott', 'Owen', 9, 'et', 'craig61@yahoo.co.uk', '0398 037 7736', '2021-11-17 07:56:56', '2021-11-17 07:56:56'),
(878, 'Cameron', 'Mitchell', 9, 'et', 'morris.erin@hotmail.co.uk', '00499096698', '2021-11-17 07:56:56', '2021-11-17 07:56:56'),
(879, 'Olivia', 'Reynolds', 9, 'et', 'vyoung@gmail.com', '0215 3342695', '2021-11-17 07:56:56', '2021-11-17 07:56:56'),
(880, 'Leah', 'Hughes', 9, 'et', 'becky34@fox.com', '0677 494 1301', '2021-11-17 07:56:56', '2021-11-17 07:56:56'),
(881, 'Lucy', 'Owen', 9, 'et', 'nmartin@khan.com', '02000 119687', '2021-11-17 07:56:56', '2021-11-17 07:56:56'),
(882, 'Tom', 'Wilson', 9, 'et', 'hughes.freya@bennett.com', '(04290) 110333', '2021-11-17 07:56:56', '2021-11-17 07:56:56'),
(883, 'Jane', 'Davis', 9, 'et', 'lexi50@gmail.com', '(0037) 0492092', '2021-11-17 07:56:56', '2021-11-17 07:56:56'),
(884, 'Connor', 'Robinson', 9, 'et', 'megan.harrison@hotmail.com', '+44(0)5368602503', '2021-11-17 07:56:56', '2021-11-17 07:56:56'),
(885, 'Connor', 'Kennedy', 9, 'et', 'kieran69@allen.org', '0663 3667997', '2021-11-17 07:56:56', '2021-11-17 07:56:56'),
(886, 'Linda', 'Rose', 9, 'et', 'evans.patricia@phillips.org', '+44(0)3837637673', '2021-11-17 07:56:56', '2021-11-17 07:56:56'),
(887, 'Muhammad', 'Adams', 9, 'et', 'jones.rowena@jackson.net', '(0912) 983 7649', '2021-11-17 07:56:56', '2021-11-17 07:56:56'),
(888, 'Arthur', 'Rogers', 9, 'et', 'joseph51@stewart.org', '(0250) 155 7722', '2021-11-17 07:56:56', '2021-11-17 07:56:56'),
(889, 'Jennifer', 'Walsh', 9, 'et', 'tyler.wilson@hughes.com', '+44(0)8958 50410', '2021-11-17 07:56:56', '2021-11-17 07:56:56'),
(890, 'Lisa', 'Patel', 9, 'et', 'jason.holmes@stewart.com', '(01138) 39750', '2021-11-17 07:56:56', '2021-11-17 07:56:56'),
(891, 'Maisie', 'Ward', 9, 'et', 'evans.abigail@hotmail.com', '(0953) 4430132', '2021-11-17 07:56:56', '2021-11-17 07:56:56'),
(892, 'David', 'Davis', 9, 'et', 'fyoung@khan.co.uk', '04244 93184', '2021-11-17 07:56:56', '2021-11-17 07:56:56'),
(893, 'Thomas', 'Bell', 9, 'et', 'ross.jackson@yahoo.co.uk', '+44(0)8140 007610', '2021-11-17 07:56:56', '2021-11-17 07:56:56'),
(894, 'Karl', 'Phillips', 9, 'et', 'cwalker@gmail.co.uk', '(0021) 6998569', '2021-11-17 07:56:56', '2021-11-17 07:56:56'),
(895, 'Carmen', 'Butler', 9, 'et', 'lchapman@jones.biz', '0566087280', '2021-11-17 07:56:56', '2021-11-17 07:56:56'),
(896, 'Liam', 'Anderson', 9, 'et', 'tclarke@robertson.com', '0100 750 4462', '2021-11-17 07:56:56', '2021-11-17 07:56:56'),
(897, 'Ken', 'Allen', 9, 'et', 'smith.summer@hotmail.com', '(04138) 04666', '2021-11-17 07:56:56', '2021-11-17 07:56:56'),
(898, 'Yvonne', 'Shaw', 9, 'et', 'wreynolds@gmail.co.uk', '(0346) 159 2861', '2021-11-17 07:56:56', '2021-11-17 07:56:56'),
(899, 'Isabelle', 'Simpson', 9, 'et', 'reynolds.louis@saunders.com', '(04009) 71332', '2021-11-17 07:56:56', '2021-11-17 07:56:56'),
(900, 'Holly', 'Davies', 9, 'et', 'ruby.gray@kelly.org', '+44(0)0721487079', '2021-11-17 07:56:56', '2021-11-17 07:56:56'),
(901, 'Sienna', 'Anderson', 10, 'ut', 'preynolds@hotmail.co.uk', '+44(0)4508 79043', '2021-11-17 07:56:56', '2021-11-17 07:56:56'),
(902, 'Lucy', 'Reid', 10, 'ut', 'ccollins@marshall.co.uk', '(0163) 4103834', '2021-11-17 07:56:56', '2021-11-17 07:56:56'),
(903, 'Benjamin', 'Cox', 10, 'ut', 'hill.ross@turner.org', '06621 217182', '2021-11-17 07:56:56', '2021-11-17 07:56:56'),
(904, 'Finley', 'Davies', 10, 'ut', 'kbutler@owen.biz', '(09601) 729150', '2021-11-17 07:56:56', '2021-11-17 07:56:56'),
(905, 'Ian', 'Smith', 10, 'ut', 'roberts.helen@hotmail.co.uk', '0919 980 6912', '2021-11-17 07:56:56', '2021-11-17 07:56:56'),
(906, 'David', 'Young', 10, 'ut', 'harrison.damien@scott.org', '08280636103', '2021-11-17 07:56:56', '2021-11-17 07:56:56'),
(907, 'Leah', 'Scott', 10, 'ut', 'caroline.walker@gmail.com', '+44(0)1797 253608', '2021-11-17 07:56:56', '2021-11-17 07:56:56'),
(908, 'Harrison', 'Cox', 10, 'ut', 'lisa.bell@harris.com', '09503 041419', '2021-11-17 07:56:56', '2021-11-17 07:56:56'),
(909, 'Gavin', 'Ellis', 10, 'ut', 'mary02@hotmail.co.uk', '0159252093', '2021-11-17 07:56:56', '2021-11-17 07:56:56'),
(910, 'Becky', 'Brown', 10, 'ut', 'walsh.harrison@gmail.com', '+44(0)0461118877', '2021-11-17 07:56:56', '2021-11-17 07:56:56'),
(911, 'Steve', 'Morris', 10, 'ut', 'imogen00@james.com', '0332 5592332', '2021-11-17 07:56:56', '2021-11-17 07:56:56'),
(912, 'Theresa', 'Gray', 10, 'ut', 'freya.robinson@yahoo.co.uk', '04558 89268', '2021-11-17 07:56:56', '2021-11-17 07:56:56'),
(913, 'Helen', 'Reid', 10, 'ut', 'alice.stevens@walker.biz', '(07133) 111822', '2021-11-17 07:56:56', '2021-11-17 07:56:56'),
(914, 'Tara', 'Morgan', 10, 'ut', 'clark.abigail@yahoo.com', '0088 6129719', '2021-11-17 07:56:56', '2021-11-17 07:56:56'),
(915, 'Mia', 'Allen', 10, 'ut', 'troberts@hotmail.com', '+44(0)1712654665', '2021-11-17 07:56:56', '2021-11-17 07:56:56'),
(916, 'Ben', 'Walsh', 10, 'ut', 'harrison.mandy@gmail.co.uk', '(03466) 89645', '2021-11-17 07:56:56', '2021-11-17 07:56:56'),
(917, 'Bruce', 'Khan', 10, 'ut', 'james.philip@yahoo.com', '0821 9420122', '2021-11-17 07:56:56', '2021-11-17 07:56:56'),
(918, 'Lee', 'Lloyd', 10, 'ut', 'lauren05@hotmail.co.uk', '(0335) 7436839', '2021-11-17 07:56:56', '2021-11-17 07:56:56'),
(919, 'Edward', 'Moore', 10, 'ut', 'zrussell@gmail.com', '(03387) 95058', '2021-11-17 07:56:56', '2021-11-17 07:56:56'),
(920, 'Gordon', 'Hunt', 10, 'ut', 'barry.davies@hotmail.co.uk', '(04794) 567523', '2021-11-17 07:56:56', '2021-11-17 07:56:56'),
(921, 'James', 'Davies', 10, 'ut', 'reece05@harrison.biz', '(0649) 7727892', '2021-11-17 07:56:56', '2021-11-17 07:56:56'),
(922, 'Eden', 'Clarke', 10, 'ut', 'greg65@matthews.net', '(0811) 7526936', '2021-11-17 07:56:56', '2021-11-17 07:56:56'),
(923, 'Tom', 'Holmes', 10, 'ut', 'tara.white@gmail.co.uk', '04954380181', '2021-11-17 07:56:56', '2021-11-17 07:56:56'),
(924, 'Grant', 'Ellis', 10, 'ut', 'yvonne.simpson@hotmail.co.uk', '(0452) 641 0169', '2021-11-17 07:56:56', '2021-11-17 07:56:56'),
(925, 'Kimberly', 'Baker', 10, 'ut', 'brown.ian@yahoo.com', '(06924) 434194', '2021-11-17 07:56:56', '2021-11-17 07:56:56'),
(926, 'Layla', 'Holmes', 10, 'ut', 'madams@yahoo.co.uk', '+44(0)8500 15800', '2021-11-17 07:56:56', '2021-11-17 07:56:56'),
(927, 'Maria', 'Harrison', 10, 'ut', 'probinson@robinson.biz', '0759606345', '2021-11-17 07:56:56', '2021-11-17 07:56:56'),
(928, 'Tracy', 'Clarke', 10, 'ut', 'jacob09@murphy.biz', '+44(0)8704 64179', '2021-11-17 07:56:56', '2021-11-17 07:56:56'),
(929, 'Ava', 'Griffiths', 10, 'ut', 'clarke.teagan@yahoo.co.uk', '(04149) 772068', '2021-11-17 07:56:56', '2021-11-17 07:56:56'),
(930, 'William', 'Marshall', 10, 'ut', 'craig63@hotmail.com', '+44(0)9755 86701', '2021-11-17 07:56:56', '2021-11-17 07:56:56'),
(931, 'Sebastian', 'Watson', 10, 'ut', 'kroberts@gmail.co.uk', '0752 233 0916', '2021-11-17 07:56:56', '2021-11-17 07:56:56'),
(932, 'Holly', 'Ellis', 10, 'ut', 'suzanne.graham@harris.com', '09396852212', '2021-11-17 07:56:56', '2021-11-17 07:56:56'),
(933, 'Pete', 'Martin', 10, 'ut', 'anderson.lucas@gmail.com', '(0742) 1833236', '2021-11-17 07:56:56', '2021-11-17 07:56:56'),
(934, 'Kyle', 'Clarke', 10, 'ut', 'edwards.evie@rose.com', '(0489) 5835991', '2021-11-17 07:56:56', '2021-11-17 07:56:56'),
(935, 'Sarah', 'Clark', 10, 'ut', 'julie55@hotmail.com', '01536 42687', '2021-11-17 07:56:56', '2021-11-17 07:56:56'),
(936, 'Amanda', 'Walsh', 10, 'ut', 'ross.alice@knight.com', '06508 21331', '2021-11-17 07:56:56', '2021-11-17 07:56:56'),
(937, 'Gordon', 'Hill', 10, 'ut', 'millie01@gmail.co.uk', '(0168) 2439672', '2021-11-17 07:56:56', '2021-11-17 07:56:56'),
(938, 'Freddie', 'Stewart', 10, 'ut', 'fbell@richardson.com', '0391 5984002', '2021-11-17 07:56:56', '2021-11-17 07:56:56'),
(939, 'Samuel', 'Stewart', 10, 'ut', 'spalmer@watson.net', '02261 489819', '2021-11-17 07:56:56', '2021-11-17 07:56:56'),
(940, 'Chelsea', 'Phillips', 10, 'ut', 'rhunt@hotmail.com', '+44(0)3565 126411', '2021-11-17 07:56:56', '2021-11-17 07:56:56'),
(941, 'Grant', 'Hill', 10, 'ut', 'walsh.will@lee.com', '0509 6052046', '2021-11-17 07:56:56', '2021-11-17 07:56:56'),
(942, 'Stephanie', 'Ward', 10, 'ut', 'brown.becky@wright.net', '(08565) 38238', '2021-11-17 07:56:56', '2021-11-17 07:56:56'),
(943, 'Joanne', 'Graham', 10, 'ut', 'tony75@kelly.com', '01165 44810', '2021-11-17 07:56:56', '2021-11-17 07:56:56'),
(944, 'Alan', 'Hughes', 10, 'ut', 'bbell@scott.com', '+44(0)2579374933', '2021-11-17 07:56:56', '2021-11-17 07:56:56'),
(945, 'Ray', 'Scott', 10, 'ut', 'harrison36@gmail.co.uk', '0326 525 0454', '2021-11-17 07:56:56', '2021-11-17 07:56:56'),
(946, 'Mandy', 'Butler', 10, 'ut', 'ebell@matthews.info', '+44(0)809048139', '2021-11-17 07:56:56', '2021-11-17 07:56:56'),
(947, 'Matilda', 'Collins', 10, 'ut', 'scott.paul@hotmail.com', '0596 5546295', '2021-11-17 07:56:56', '2021-11-17 07:56:56'),
(948, 'Samuel', 'Allen', 10, 'ut', 'swalker@martin.com', '(0968) 493 5772', '2021-11-17 07:56:56', '2021-11-17 07:56:56'),
(949, 'Joel', 'Murray', 10, 'ut', 'neil67@gmail.com', '+44(0)511394298', '2021-11-17 07:56:56', '2021-11-17 07:56:56'),
(950, 'Lucas', 'Owen', 10, 'ut', 'rwatson@hotmail.com', '(02180) 198511', '2021-11-17 07:56:56', '2021-11-17 07:56:56'),
(951, 'Victoria', 'Allen', 10, 'ut', 'amurphy@yahoo.com', '0048 5859359', '2021-11-17 07:56:56', '2021-11-17 07:56:56'),
(952, 'Theo', 'Watson', 10, 'ut', 'ray.rogers@hotmail.com', '(0576) 4081047', '2021-11-17 07:56:56', '2021-11-17 07:56:56'),
(953, 'Layla', 'Ward', 10, 'ut', 'ukhan@stevens.com', '(0734) 1053011', '2021-11-17 07:56:56', '2021-11-17 07:56:56'),
(954, 'Ruth', 'Adams', 10, 'ut', 'morgan.isabel@hotmail.com', '0444633687', '2021-11-17 07:56:56', '2021-11-17 07:56:56'),
(955, 'Sienna', 'Patel', 10, 'ut', 'campbell.ethan@thompson.net', '(0231) 074 8464', '2021-11-17 07:56:56', '2021-11-17 07:56:56'),
(956, 'Craig', 'Wood', 10, 'ut', 'davies.samantha@gmail.co.uk', '01515 420843', '2021-11-17 07:56:56', '2021-11-17 07:56:56'),
(957, 'Imogen', 'Stevens', 10, 'ut', 'hbrown@cooper.org', '+44(0)8208 117594', '2021-11-17 07:56:56', '2021-11-17 07:56:56'),
(958, 'Kimberly', 'Wright', 10, 'ut', 'anthony.brown@yahoo.com', '+44(0)0187 063940', '2021-11-17 07:56:56', '2021-11-17 07:56:56'),
(959, 'Damien', 'Rogers', 10, 'ut', 'cturner@yahoo.co.uk', '0377451970', '2021-11-17 07:56:56', '2021-11-17 07:56:56'),
(960, 'Aiden', 'Richardson', 10, 'ut', 'white.abbie@shaw.org', '08346 33378', '2021-11-17 07:56:56', '2021-11-17 07:56:56'),
(961, 'Helena', 'Mason', 10, 'ut', 'hunt.stephanie@hotmail.com', '(0175) 6838155', '2021-11-17 07:56:56', '2021-11-17 07:56:56'),
(962, 'Evelyn', 'Wood', 10, 'ut', 'cgriffiths@murray.info', '03428084461', '2021-11-17 07:56:56', '2021-11-17 07:56:56'),
(963, 'Finley', 'Walsh', 10, 'ut', 'pthompson@yahoo.com', '(07954) 929385', '2021-11-17 07:56:56', '2021-11-17 07:56:56'),
(964, 'Olivia', 'James', 10, 'ut', 'davis.benjamin@yahoo.co.uk', '0959 2558422', '2021-11-17 07:56:56', '2021-11-17 07:56:56'),
(965, 'Stephanie', 'Murphy', 10, 'ut', 'lola.richardson@edwards.com', '+44(0)3622 973556', '2021-11-17 07:56:56', '2021-11-17 07:56:56'),
(966, 'Quentin', 'Cook', 10, 'ut', 'ruby48@stevens.com', '0661 4278679', '2021-11-17 07:56:56', '2021-11-17 07:56:56'),
(967, 'Lily', 'Reynolds', 10, 'ut', 'vward@gmail.co.uk', '+44(0)4128 145995', '2021-11-17 07:56:56', '2021-11-17 07:56:56'),
(968, 'Stacey', 'Murray', 10, 'ut', 'jedwards@hotmail.co.uk', '09992523698', '2021-11-17 07:56:56', '2021-11-17 07:56:56'),
(969, 'Luke', 'Hunt', 10, 'ut', 'davis.carole@brown.com', '+44(0)557513776', '2021-11-17 07:56:56', '2021-11-17 07:56:56'),
(970, 'Sophie', 'Hill', 10, 'ut', 'iking@reynolds.biz', '+44(0)5110969767', '2021-11-17 07:56:56', '2021-11-17 07:56:56'),
(971, 'Donna', 'Harrison', 10, 'ut', 'lturner@yahoo.co.uk', '+44(0)0181 454883', '2021-11-17 07:56:56', '2021-11-17 07:56:56'),
(972, 'David', 'Johnson', 10, 'ut', 'young.tony@gmail.com', '00061 508701', '2021-11-17 07:56:56', '2021-11-17 07:56:56'),
(973, 'Summer', 'Graham', 10, 'ut', 'rgraham@chapman.biz', '0301 2266249', '2021-11-17 07:56:56', '2021-11-17 07:56:56'),
(974, 'Rebecca', 'Knight', 10, 'ut', 'james.elizabeth@gmail.co.uk', '0510932254', '2021-11-17 07:56:56', '2021-11-17 07:56:56'),
(975, 'Emily', 'Cox', 10, 'ut', 'robertson.alexander@yahoo.co.uk', '(0107) 1509596', '2021-11-17 07:56:56', '2021-11-17 07:56:56'),
(976, 'Elsie', 'Russell', 10, 'ut', 'layla.adams@adams.com', '(04026) 87500', '2021-11-17 07:56:56', '2021-11-17 07:56:56'),
(977, 'Rob', 'Williams', 10, 'ut', 'dennis84@yahoo.co.uk', '+44(0)846126305', '2021-11-17 07:56:56', '2021-11-17 07:56:56'),
(978, 'Mike', 'Griffiths', 10, 'ut', 'jones.poppy@yahoo.com', '(06619) 652364', '2021-11-17 07:56:56', '2021-11-17 07:56:56'),
(979, 'Oscar', 'Lewis', 10, 'ut', 'kmorris@yahoo.com', '(00912) 134123', '2021-11-17 07:56:56', '2021-11-17 07:56:56'),
(980, 'Evelyn', 'Carter', 10, 'ut', 'vanessa64@bailey.com', '0316895560', '2021-11-17 07:56:56', '2021-11-17 07:56:56'),
(981, 'Henry', 'Gray', 10, 'ut', 'ereid@thomas.biz', '+44(0)1102 27842', '2021-11-17 07:56:56', '2021-11-17 07:56:56'),
(982, 'Harrison', 'Mason', 10, 'ut', 'jane.reynolds@cooper.info', '04119 83407', '2021-11-17 07:56:56', '2021-11-17 07:56:56'),
(983, 'Caroline', 'Thompson', 10, 'ut', 'kelly.lindsay@wood.com', '(00253) 90611', '2021-11-17 07:56:56', '2021-11-17 07:56:56'),
(984, 'Sebastian', 'Thomas', 10, 'ut', 'davies.lisa@yahoo.co.uk', '02454 93960', '2021-11-17 07:56:56', '2021-11-17 07:56:56'),
(985, 'Tiffany', 'Jackson', 10, 'ut', 'moore.emma@hotmail.co.uk', '0015636005', '2021-11-17 07:56:56', '2021-11-17 07:56:56'),
(986, 'Laura', 'Saunders', 10, 'ut', 'sophia.johnson@wilkinson.com', '+44(0)3080320023', '2021-11-17 07:56:56', '2021-11-17 07:56:56'),
(987, 'Faye', 'Khan', 10, 'ut', 'isobel89@gmail.com', '0853 436 9254', '2021-11-17 07:56:56', '2021-11-17 07:56:56'),
(988, 'Dylan', 'Morgan', 10, 'ut', 'rstewart@adams.com', '+44(0)488573604', '2021-11-17 07:56:56', '2021-11-17 07:56:56'),
(989, 'Justine', 'Russell', 10, 'ut', 'wedwards@rose.com', '(0275) 805 8817', '2021-11-17 07:56:56', '2021-11-17 07:56:56'),
(990, 'Frank', 'Hall', 10, 'ut', 'davies.kimberly@yahoo.co.uk', '0479872931', '2021-11-17 07:56:56', '2021-11-17 07:56:56'),
(991, 'Scarlett', 'Ward', 10, 'ut', 'butler.mia@taylor.net', '07252104801', '2021-11-17 07:56:56', '2021-11-17 07:56:56'),
(992, 'Darren', 'Hughes', 10, 'ut', 'nturner@gmail.com', '+44(0)109537036', '2021-11-17 07:56:56', '2021-11-17 07:56:56'),
(993, 'Isla', 'Walsh', 10, 'ut', 'elliot89@thomas.net', '(07928) 11672', '2021-11-17 07:56:56', '2021-11-17 07:56:56'),
(994, 'Christian', 'Cooper', 10, 'ut', 'rose.julia@hughes.com', '+44(0)5390 40883', '2021-11-17 07:56:56', '2021-11-17 07:56:56'),
(995, 'Paul', 'Richardson', 10, 'ut', 'leanne.wright@hotmail.com', '+44(0)8205 00581', '2021-11-17 07:56:56', '2021-11-17 07:56:56'),
(996, 'Edward', 'Martin', 10, 'ut', 'george56@ross.com', '(06495) 694383', '2021-11-17 07:56:56', '2021-11-17 07:56:56'),
(997, 'Matthew', 'Wilkinson', 10, 'ut', 'oknight@cooper.biz', '01369039729', '2021-11-17 07:56:56', '2021-11-17 07:56:56'),
(998, 'Caroline', 'Hughes', 10, 'ut', 'aaron.roberts@wright.org', '(04132) 917253', '2021-11-17 07:56:56', '2021-11-17 07:56:56'),
(999, 'Reece', 'Campbell', 10, 'ut', 'lizzie.cooper@parker.org', '+44(0)3383 052966', '2021-11-17 07:56:56', '2021-11-17 07:56:56'),
(1000, 'Christian', 'Brown', 10, 'ut', 'ethomas@gmail.com', '(08114) 215006', '2021-11-17 07:56:56', '2021-11-17 07:56:56');

-- --------------------------------------------------------

--
-- Table structure for table `failed_jobs`
--

CREATE TABLE `failed_jobs` (
  `id` bigint(20) UNSIGNED NOT NULL,
  `uuid` varchar(255) COLLATE utf8mb4_unicode_ci NOT NULL,
  `connection` text COLLATE utf8mb4_unicode_ci NOT NULL,
  `queue` text COLLATE utf8mb4_unicode_ci NOT NULL,
  `payload` longtext COLLATE utf8mb4_unicode_ci NOT NULL,
  `exception` longtext COLLATE utf8mb4_unicode_ci NOT NULL,
  `failed_at` timestamp NOT NULL DEFAULT current_timestamp()
) ENGINE=InnoDB DEFAULT CHARSET=utf8mb4 COLLATE=utf8mb4_unicode_ci;

-- --------------------------------------------------------

--
-- Table structure for table `migrations`
--

CREATE TABLE `migrations` (
  `id` int(10) UNSIGNED NOT NULL,
  `migration` varchar(255) COLLATE utf8mb4_unicode_ci NOT NULL,
  `batch` int(11) NOT NULL
) ENGINE=InnoDB DEFAULT CHARSET=utf8mb4 COLLATE=utf8mb4_unicode_ci;

--
-- Dumping data for table `migrations`
--

INSERT INTO `migrations` (`id`, `migration`, `batch`) VALUES
(1, '2014_10_12_000000_create_users_table', 1),
(2, '2014_10_12_100000_create_password_resets_table', 1),
(3, '2019_08_19_000000_create_failed_jobs_table', 1),
(4, '2019_12_14_000001_create_personal_access_tokens_table', 1),
(5, '2021_11_05_093113_create_companies_table', 1),
(6, '2021_11_05_093114_create_employees_table', 1);

-- --------------------------------------------------------

--
-- Table structure for table `password_resets`
--

CREATE TABLE `password_resets` (
  `email` varchar(255) COLLATE utf8mb4_unicode_ci NOT NULL,
  `token` varchar(255) COLLATE utf8mb4_unicode_ci NOT NULL,
  `created_at` timestamp NULL DEFAULT NULL
) ENGINE=InnoDB DEFAULT CHARSET=utf8mb4 COLLATE=utf8mb4_unicode_ci;

-- --------------------------------------------------------

--
-- Table structure for table `personal_access_tokens`
--

CREATE TABLE `personal_access_tokens` (
  `id` bigint(20) UNSIGNED NOT NULL,
  `tokenable_type` varchar(255) COLLATE utf8mb4_unicode_ci NOT NULL,
  `tokenable_id` bigint(20) UNSIGNED NOT NULL,
  `name` varchar(255) COLLATE utf8mb4_unicode_ci NOT NULL,
  `token` varchar(64) COLLATE utf8mb4_unicode_ci NOT NULL,
  `abilities` text COLLATE utf8mb4_unicode_ci DEFAULT NULL,
  `last_used_at` timestamp NULL DEFAULT NULL,
  `created_at` timestamp NULL DEFAULT NULL,
  `updated_at` timestamp NULL DEFAULT NULL
) ENGINE=InnoDB DEFAULT CHARSET=utf8mb4 COLLATE=utf8mb4_unicode_ci;

-- --------------------------------------------------------

--
-- Table structure for table `users`
--

CREATE TABLE `users` (
  `id` bigint(20) UNSIGNED NOT NULL,
  `email` varchar(255) COLLATE utf8mb4_unicode_ci NOT NULL,
  `email_verified_at` timestamp NULL DEFAULT NULL,
  `password` varchar(255) COLLATE utf8mb4_unicode_ci NOT NULL,
  `remember_token` varchar(100) COLLATE utf8mb4_unicode_ci DEFAULT NULL,
  `created_at` timestamp NULL DEFAULT NULL,
  `updated_at` timestamp NULL DEFAULT NULL
) ENGINE=InnoDB DEFAULT CHARSET=utf8mb4 COLLATE=utf8mb4_unicode_ci;

--
-- Dumping data for table `users`
--

INSERT INTO `users` (`id`, `email`, `email_verified_at`, `password`, `remember_token`, `created_at`, `updated_at`) VALUES
(1, 'admin@admin.com', '2021-11-17 07:56:55', '$2y$10$ebKePKaaNVxZh.SU.suayO6SGD2T6b6EL0czOUyp0DuVeQOEK7Qde', 'OTkFku7hsT', '2021-11-17 07:56:55', '2021-11-17 07:56:55');

--
-- Indexes for dumped tables
--

--
-- Indexes for table `companies`
--
ALTER TABLE `companies`
  ADD PRIMARY KEY (`id`),
  ADD UNIQUE KEY `companies_email_unique` (`email`),
  ADD UNIQUE KEY `companies_website_unique` (`website`);

--
-- Indexes for table `employees`
--
ALTER TABLE `employees`
  ADD PRIMARY KEY (`id`),
  ADD UNIQUE KEY `employees_email_unique` (`email`),
  ADD UNIQUE KEY `employees_phone_number_unique` (`phone_number`),
  ADD KEY `employees_company_id_foreign` (`company_id`);

--
-- Indexes for table `failed_jobs`
--
ALTER TABLE `failed_jobs`
  ADD PRIMARY KEY (`id`),
  ADD UNIQUE KEY `failed_jobs_uuid_unique` (`uuid`);

--
-- Indexes for table `migrations`
--
ALTER TABLE `migrations`
  ADD PRIMARY KEY (`id`);

--
-- Indexes for table `password_resets`
--
ALTER TABLE `password_resets`
  ADD KEY `password_resets_email_index` (`email`);

--
-- Indexes for table `personal_access_tokens`
--
ALTER TABLE `personal_access_tokens`
  ADD PRIMARY KEY (`id`),
  ADD UNIQUE KEY `personal_access_tokens_token_unique` (`token`),
  ADD KEY `personal_access_tokens_tokenable_type_tokenable_id_index` (`tokenable_type`,`tokenable_id`);

--
-- Indexes for table `users`
--
ALTER TABLE `users`
  ADD PRIMARY KEY (`id`),
  ADD UNIQUE KEY `users_email_unique` (`email`);

--
-- AUTO_INCREMENT for dumped tables
--

--
-- AUTO_INCREMENT for table `companies`
--
ALTER TABLE `companies`
  MODIFY `id` bigint(20) UNSIGNED NOT NULL AUTO_INCREMENT, AUTO_INCREMENT=11;

--
-- AUTO_INCREMENT for table `employees`
--
ALTER TABLE `employees`
  MODIFY `id` bigint(20) UNSIGNED NOT NULL AUTO_INCREMENT, AUTO_INCREMENT=1001;

--
-- AUTO_INCREMENT for table `failed_jobs`
--
ALTER TABLE `failed_jobs`
  MODIFY `id` bigint(20) UNSIGNED NOT NULL AUTO_INCREMENT;

--
-- AUTO_INCREMENT for table `migrations`
--
ALTER TABLE `migrations`
  MODIFY `id` int(10) UNSIGNED NOT NULL AUTO_INCREMENT, AUTO_INCREMENT=7;

--
-- AUTO_INCREMENT for table `personal_access_tokens`
--
ALTER TABLE `personal_access_tokens`
  MODIFY `id` bigint(20) UNSIGNED NOT NULL AUTO_INCREMENT;

--
-- AUTO_INCREMENT for table `users`
--
ALTER TABLE `users`
  MODIFY `id` bigint(20) UNSIGNED NOT NULL AUTO_INCREMENT, AUTO_INCREMENT=2;

--
-- Constraints for dumped tables
--

--
-- Constraints for table `employees`
--
ALTER TABLE `employees`
  ADD CONSTRAINT `employees_company_id_foreign` FOREIGN KEY (`company_id`) REFERENCES `companies` (`id`) ON DELETE CASCADE;
COMMIT;

/*!40101 SET CHARACTER_SET_CLIENT=@OLD_CHARACTER_SET_CLIENT */;
/*!40101 SET CHARACTER_SET_RESULTS=@OLD_CHARACTER_SET_RESULTS */;
/*!40101 SET COLLATION_CONNECTION=@OLD_COLLATION_CONNECTION */;
